ID	assigned_prog	course	yr	sem	course_name	lect_assigned	progs_with_students	progs_with_marks
5636	-	DSP1301D	1	3	SCHOOL PRACTICE  (6WKS)	YES	decd|DPE	decd|DPE
9648	-	BHI2203B	2	2	THE TRANSFORMATION OF EUROPE SINCE 1871	YES	BED(S)	BAED|BED(S)
5647	-	DECD2207	2	2	ESSENTIALS OF EDUCATIONAL MANAGEMENT AND ADMINISTRATION OF NURSERY SCHOOLS	YES	decd	decd
5651	-	DECD2308	2	3	PHILOSOPHICAL FOUNDATIONS OF EDUCATION	YES	decd	decd
5114	06501	BAG2102B	1	1	AGRICULTURE EDUCATION I	NO	BED(P)|BED(S)	BED(P)|BED(S)
5114	06501	BAG2102B	1	1	FUNDAMENTALS OF CROP PROTECTION	NO	BED(P)|BED(S)	BED(P)|BED(S)
5115	06501	BBEI2105	1	1	COMPUTER FUNDAMENTALS	NO	BBEI	BBEI
5115	06501	BBEI2105	1	1	STATISTICS	NO	BBEI	BBEI
5116	06501	BBEI2106	1	1	UGANDA'S ECONOMY	NO	BBEI	BAED|BBEI|BED(S)
5116	06501	BBEI2106	1	1	INTERMEDIATE ACCOUNTING II	NO	BBEI	BAED|BBEI|BED(S)
128	06501	BMC1101	1	1	INTRODUCTION TO MASS COMMUNICATION	NO	NULL	BMC
37	06501	MMC4102	1	1	CURRENT ISSUES IN MASS COMMUNICATION	NO	MMC	MMC
38	06501	MMC4103	1	1	RESEARCH METHODS	NO	MMC	MMC
39	06501	MMC4104	1	1	INTERNATIONAL JOURNALISM	NO	MMC	MMC
40	06501	MMC4105	1	1	ADVANCED WRITING AND PUBLIC AFFAIRS REPORTING	NO	MMC	MMC
41	06501	MMC4106	1	1	MEDIA AND POLITICS	NO	MMC	MMC
42	06501	MMC4201	1	2	MEDIA MANAGEMENT THEORIES AND PRACTICE	NO	MMC	MMC
43	06501	MMC4202	1	2	PROGRAMMING IN ELECTRONIC MEDIA	NO	MMC	MMC
44	06501	MMC4203	1	2	MULTIMEDIA AND DIGITAL JOURNALISM	NO	MMC	MMC
45	06501	MMC4204	1	2	ADVANCED INVESTIGATIVE JOURNALISM	NO	MMC	MMC
46	06501	MMC4205	1	2	ADVERTISING TECHNIQUES AND PRACTICE	NO	MMC	MMC
47	06501	MMC4206	1	2	STRATEGIC PUBLIC RELATIONS MANAGEMENT	NO	MMC	MMC
33	06501	MMC5101	2	1	RESEARCH PROPOSAL DEVELOPMENT AND WRITING	NO	MMC	MMC
49	06501	MMC5102	2	1	COMPUTER AIDED RESEARCH	NO	MMC	MMC
50	06501	MMC5103	2	1	MEDIA LAW AND POLICY	NO	MMC	MMC
51	06501	MMC5201	2	2	RESEARCH DISSERTATION	NO	MMC	MMC
73	06502	EDU6101	1	1	RESEARCH METHODOLOGY	NO	MBA|MEMA|MHHS|MMC	MEMA
77	06502	EDU6102	1	1	THEORETICAL PERSPECTIVES OF EDUCATIONAL MANAGEMENT	NO	MEMA	MEMA
82	06502	EDU6103	1	1	ORGANISATIONAL BEHAVIOUR	NO	MBA|MEMA|PGD	MBA|MEMA
79	06502	EDU6104	1	1	SOCIAL AND ETHICAL CONCEPTS IN EDUCATION	NO	MEMA	MEMA
80	06502	EDU6105	1	1	PERSONNEL MANAGEMENT	NO	MEMA	MEMA
81	06502	EDU6106	1	1	ECONOMICS OF EDUCATION AND FINANCING	NO	MEMA	MEMA
84	06502	EDU6107	1	1	COMPUTER APPLICATIONS IN RESEARCH	NO	MEMA	MEMA
85	06502	EDU6201	1	1	STATISTICAL METHODS IN RESEARCH	NO	MEMA	MEMA
88	06502	EDU6204	1	1	FUNDAMENTALS OF EDUCATIONAL POLICY	NO	MEMA	MEMA
86	06502	EDU6202	1	2	EDUCATION AND GENERIC SKILLS	NO	MEMA	MEMA
87	06502	EDU6203	1	2	EDUCATIONAL SYSTEM ANALYSIS	NO	MEMA	MEMA
89	06502	EDU6205	1	2	PROJECT PLANNING AND MANAGEMENT	NO	MEMA	MEMA
90	06502	EDU6206	1	2	SPECIAL NEEDS EDUCATION MANAGEMENT	NO	MEMA	MEMA
91	06502	EDU6207	1	2	RESEARCH AND SCHOLARLY PUBLICATION SKILLS	YES	MEMA	MEMA
92	06502	EDU6301	2	2	RESEARCH DISSERTATION	NO	MEMA	MEMA
5343	06503	BEC1101	1	1	INTRODUCTION TO  MICROECONOMICS	NO	BAED|BEICT	BAED|BEICT|BSCED|BSCEDU
5344	06503	BEC1102	1	1	INTRODUCTION TO MATHEMATICS AND STATISTICS FOR ECONOMICS	NO	BAED	BAED|BEICT|BSCED|BSCEDU
5496	06503	BHI1101	1	1	THEMES IN EAST AFRICAN HISTORY TO 1900 	NO	BAED|BEICT	BAED|BED(S)|BEICT
5497	06503	BHI1102	1	1	THEMES IN AFRICAN HISTORY TO 1871	NO	BAED|BEICT	BAED|BED(S)|BEICT|BIFA
5345	06503	BKE 1101	1	1	KISWAHILI ACQUISITION AND LANGUAGE MASTERY SKILLS	NO	BAED|BEICT|BVS	BAED|BEICT|BVS
5498	06503	BLL1101	1	1	INTRODUCTION TO THE STUDY OF LUGANDA LANGUAGE EDUCATION	NO	BAED|BEICT	BAED|BEICT
5499	06503	BLL1102	1	1	PRINCIPLES OF TRANSLATION IN LUGANDA	NO	BAED|BEICT	BAED|BEICT
5346	06503	BME1102	1	1	CALCULUS I	NO	BAED|BEICT	BAED|BEICT|BSCED|BSCEDU
5347	06503	BME1105	1	1	LINEAR ALGEBRA I	NO	BAED|BEICT	BAED|BEICT|BSCED
5348	06503	BSA1101	1	1	SOCIAL AND ADOLESCENT PSYCHOLOGY	NO	BAED|BEICT|BVS	|BAED|BEICT|BVS
101	06503	FIN6112	1	1	MANAGERIAL ECONOMICS	NO	MBA|PGD	MBA
102	06503	FIN6113	1	1	QUANTITATIVE TECHNIQUES FOR DECISION MAKING	NO	MBA|PGD	MBA
103	06503	FIN6119	1	1	INVESTMENT MANAGEMENT	NO	MBA	MBA
106	06503	FIN6123	1	1	FINANCIAL STATEMENTS ANALYSIS AND VALUATION	NO	MBA	MBA
107	06503	FIN6124	1	1	TAX AND BUSINESS STRATEGY	NO	MBA	MBA
110	06503	FIN6127	1	1	INTERNATIONAL FINANCIAL MANAGEMENT	NO	MBA	MBA
111	06503	FIN6128	1	1	COMMERCIAL BANKING AND VENTURE CAPITAL	NO	MBA	|MBA
5349	06503	FND 1101	1	1	COMMUNICATION AND TECHNOLOGY SKILLS	NO	BAED|BEICT|BVS	BAED|BEICT|BVS
5500	06503	FND1101B	1	1	COMMUNICATION AND LANGUAGE SKILLS	NO	BAED|BBA|BCOM|BECD|BEICT|BHRM|BIFA|BIT|BMC|BPA|BPLM|BSAF|BSM|BTHM|BVS|DAF|DIT|SWSA	|BAED|BBA|BBC|BBEI|BBM|BCE|BCOM|BCS|BDS|BEE|BEICT|BEM|BES|BHRM|BIFA|BIT|BLIS|BMC|BMF|BPA|BPLM|BSAF|BSDE|BSE|BSM|BTHM|BVS|DAF|DEE|DJ|DPE|SWSA
5350	06503	MGT1101B	1	1	PRINCIPLES OF BUSINESS MANAGEMENT	NO	BAED|BBA|BCOM|BEICT|BHRM|BPA|BPLM|BSAF|BSM|DAF	BAED|BBA|BBC|BBM|BCOM|BEICT|BEM|BES|BHRM|BMC|BMF|BPA|BPLM|BSAF|BSM|DPE
29	06503	MGT6111	1	1	STRATEGIC PLANNING AND MANAGEMENT	NO	MBA|PGD	MBA
94	06503	MGT6114	1	1	BUSINESS ETHICS AND CORPORATE SOCIAL RESPONSIBILITY	NO	MBA|PGD	MBA
119	06503	MIS6125	1	1	CRITICAL AND CREATIVE THINKING	NO	MBA	MBA
122	06503	PRC6121	1	1	MARKETING MANAGEMENT	NO	MBA	MBA
5351	06503	BCU1201	1	2	FOUNDATIONS OF CURRICULUM STUDIES	NO	BAED|BEICT|BVS	BADE|BAED|BAED/A|BEICT|BSCED|BSCEDU|BVS
5352	06503	BEC1201	1	2	PRINCIPLES OF DEVELOPMENT ECONOMICS	NO	BAED|BEICT	BAED|BEICT|BSCED|BSCEDU
5353	06503	BEC1202	1	2	INTRODUCTORY MACRO ECONOMICS	NO	NULL	BAED|BEICT|BSCED|BSCEDU
5354	06503	BEF1201	1	2	SOCIOLOGICAL FOUNDATIONS OF EDUCATION 	NO	BAED|BEICT|BVS	BADE|BAED|BAED/A|BED(P)|BEICT|BSCED|BSCEDU|BVS
5355	06503	BEF1202	1	2	PSYCHOLOGICAL FOUNDATIONS OF EDUCATION	NO	BAED|BEICT|BVS	BADE|BAED|BAED/A|BED(P)|BED(S)|BEICT|BSCED|BSCEDU|BVS|DJ
5502	06503	BHI1201	1	2	THEMES IN AFRICAN HISTORY  SINCE 1871	NO	BAED|BEICT	BADE|BAED|BEICT
5503	06503	BHI1202	1	2	THEMES IN EAST AFRICAN HISTORY SINCE 1900	NO	BAED|BEICT	BAED|BEICT
5504	06503	BLL1201	1	2	LANGUAGE ANALYSIS & COMMUNICATION IN LUGANDA	NO	BAED|BEICT	BAED|BEICT
5505	06503	BLL1202	1	2	THE PHONOLOGY OF LUGANDA LANGUAGE	NO	BAED|BEICT	BAED|BEICT
5356	06503	BMA1201	1	2	EDUCATIONAL MANAGEMENT AND ADMINISTRATION	NO	BAED|BED(S)|BEICT|BVS	BADE|BAED|BAED/A|BEICT|BSCED|BSCEDU|BVS
5357	06503	BME1202	1	2	CALCULUS II	NO	BAED|BEICT	BAED|BEICT|BSCED|BSCEDU
5358	06503	BMEI1206	1	2	ELEMENTS OF PROBABILITY AND STATISTICS	NO	NULL	BAED|BED(P)|BEICT
104	06503	FIN6121	1	2	RISK MANAGEMENT	NO	MBA	MBA
105	06503	FIN6122	1	2	CORPORATE FINANCE	NO	MBA	MBA
108	06503	FIN6125	1	2	AUDITING AND ASSURANCE	NO	MBA	MBA
109	06503	FIN6126	1	2	PUBLIC SECTOR ACCOUNTING	NO	MBA	MBA
5359	06503	FND1205B	1	2	HISTORY AND CULTURAL HERITAGE OF UGANDA	NO	BAED|BBA|BCOM|BEICT|BHRM|BIFA|BMC|BPLM|BSAF|BSM|BTHM|BVS|SWSA	|BAED|BBA|BBC|BBM|BCOM|BDS|BEICT|BEM|BES|BHRM|BMC|BMF|BPA|BPLM|BSAF|BSM|BTHM|BVS|DPE|SWSA
95	06503	MGT6121	1	2	HUMAN RESOURCE MANAGEMENT	NO	MBA	MBA
96	06503	MGT6122	1	2	SOCIAL ENTREPRENEURSHIP	NO	MBA	MBA
98	06503	MGT6123	1	2	MANAGEMENT SKILLS DEVELOPMENT	NO	MBA	MBA
123	06503	PRC6122	1	2	STRATEGIC MARKETING	NO	MBA	MBA
124	06503	PRC6123	1	2	CONSUMER BEHAVIOUR AND PRODUCT DEVELOPMENT	NO	MBA	MBA
125	06503	PRC6124	1	2	MARKETING AND SOCIAL MEDIA STRATEGY	NO	MBA	MBA
126	06503	PRC6125	1	2	INTERNATIONAL MARKETING	NO	MBA	MBA
5360	06503	BEC2101	2	1	 MICRO ECONOMICS	NO	BAED|BEICT	BAED|BEICT|BSCED|BSCEDU
5361	06503	BEF 2101	2	1	HISTORICAL FOUNDATIONS OF EDUCATION	NO	BAED|BEICT	BAED|BEICT
5506	06503	BEF2101	2	1	HISTORICAL FOUNDATIONS OF EDUCATION	NO	BAED|BVS	BADE|BAED|BAED/A|BEICT|BSCED|BSCEDU|BVS
5362	06503	BEF2102	2	1	PHILOSOPHICAL FOUNDATIONS OF EDUCATION	NO	BAED|BEICT|BVS	BADE|BAED|BAED/A|BBM|BEICT|BSCED|BSCEDU|BVS
5363	06503	BEP 2101	2	1	ENTREPRENEURSHIP IN EDUCATION	NO	BAED|BEICT|BVS	BAED|BEICT|BVS
5364	06503	BER2101	2	1	EDUCATIONAL RESEARCH METHODS	NO	BAED|BEICT|BVS	BADE|BAED|BEICT|BSCED|BSCEDU|BVS
5507	06503	BHI2101	2	1	WORLD REVOLUTIONS	NO	NULL	BAED|BEICT
5508	06503	BHI2102	2	1	TRANSFORMATION OF EUROPE FROM 1789 TO 1871	NO	BAED|BEICT	BAED|BED(S)|BEICT
5509	06503	BHI2103	2	1	HISTORY OF THE REPUBLIC OF SOUTH AFRICA SINCE 1800	NO	BAED|BEICT	BAED|BEICT
5510	06503	BHI2104	2	1	IMPERIALISM IN THE 3RD WORLD TO 1939	NO	BAED	BAED
5365	06503	BHL 2101	2	1	HUMAN GROWTH AND DEVELOPMENT	NO	BAED|BEICT	BAED|BEICT
5511	06503	BLL2101	2	1	MORPHOLOGY OF LUGANDA	NO	BAED|BEICT	BAED|BEICT|DSE
5512	06503	BLL2102	2	1	INTRODUCTION TO LITERATURE AND LITELARY CRITICISM	NO	BAED|BEICT	BAED|BEICT
5366	06503	BME2102	2	1	REAL ANALYSIS I	NO	BAED	BAED|BED(P)|BEICT|BSCED|BSCEDU|SWSA
5367	06503	BME2103	2	1	LINEAR ALGEBRA II	NO	BAED|BEICT	BAED|BED(P)|BEICT|BSCED|BSCEDU
5368	06503	BME2108	2	1	DIFFERENTIAL EQUATIONS	NO	BAED|BEICT	BAED|BEICT
5369	06503	BME2109	2	1	PROBABILITY THEORY	NO	BAED|BEICT	BAED|BEICT
5370	06503	BSP 2101	2	1	INTRODUCTION TO SCHOOL PRACTICE	NO	BAED|BEICT|BVS	BAED|BEICT|BVS
5371	06503	MGT2103B	2	1	PROJECT PLANNING AND MANAGEMENT	NO	BAED|BBA|BCOM|BEICT|BHRM|BIT|BPLM|BSAF|BSM|SWSA	|BAED|BBA|BBC|BBM|BCOM|BEICT|BEM|BES|BHRM|BMF|BPA|BPLM|BSAF|BSDE|BSM|DAF|DPE
113	06503	MGT6201	2	1	RESEARCH METHODOLOGY	NO	MBA|PGD	MBA
114	06503	MGT6203	2	1	SCHOLARLY WRITING AND PUBLICATION SKILLS	NO	MBA	MBA
121	06503	MIS6202	2	1	COMPUTER APPLICATIONS IN RESEARCH	NO	MBA|MEMA	MBA
5372	06503	BCU 2203	2	2	CURRICULUM EVALUATION AND INNOVATION	NO	BAED|BEICT	BAED|BEICT
5373	06503	BCU2201	2	2	GENERAL TEACHING - LEARNING METHODS	NO	BAED|BEICT|BVS	BADE|BAED|BEICT|BSCED|BSCEDU|BVS
5513	06503	BCU2202	2	2	EDUCATIONAL TECHNOLOGY	NO	BAED|BEICT|BVS	BADE|BAED|BAED/A|BEICT|BSCED|BSCEDU|BVS
5374	06503	BCU2204	2	2	PROFESSIONAL ETHICS	NO	BAED|BEICT|BVS	BAED|BEICT|BVS
5375	06503	BEC 2205	2	2	ECONOMICS TEACHING METHODS	NO	BAED	BAED
5376	06503	BER2201	2	2	EDUCATIONAL RESEARCH METHODS	NO	NULL	BADE|BAED|BAED/A|BEICT|BSCED|BSCEDU
5514	06503	BHI2201	2	2	WORLD REVOLUTIONS SINCE 1950	NO	BAED	BAED
5515	06503	BHI2202	2	2	TRANSFORMATION OF EUROPE SINCE 1871	YES	BAED|BED(S)|BEICT	BAED|BEICT
5516	06503	BHI2203	2	2	HISTORY OF ANGLOPHONE CENTRAL AFRICA SINCE 1800	NO	BAED|BEICT	BAED|BEICT
5517	06503	BHI2204	2	2	IMPERIALISM IN THE 3RD WORLD SINCE 1939	NO	BAED	BAED
5518	06503	BHI2205	2	2	HISTORY TEACHING METHODS	NO	BAED|BEICT	BAED|BEICT
5519	06503	BLL2201	2	2	THE SYNTAX OF LUGANDA	NO	BAED|BEICT	BAED|BEICT
5520	06503	BLL2202	2	2	LUGANDA NOVEL	NO	BAED|BEICT	BAED|BEICT
5521	06503	BLL2205	2	2	LUGANDA TEACHING METHODS	NO	BAED|BEICT	BAED|BEICT
5377	06503	BME2205	2	2	COMPLEX VARIABLES	NO	BAED|BEICT	BAED|BEICT|BSCEDU
5378	06503	BME2206	2	2	NUMERICAL ANALYSIS I	NO	BAED|BEICT	BAED|BEICT
5379	06503	BME2207	2	2	ABSTRACT ALGEBRA I	NO	BAED|BEICT	BAED
5380	06503	BME2208	2	2	STATISTICAL INFERENCE 	NO	BAED|BEICT	BAED|BEICT
5381	06503	BME2209	2	2	MATHEMATICS TEACHING METHODS	NO	BAED|BEICT	BAED|BEICT
5382	06503	BSP2201	2	2	SCHOOL PRACTICE (6Weeks)	YES	BAED|BEICT|BVS	BADE|BAED|BED(ECD)|BEICT|BMC|BSCED|BVS
5383	06503	ECO 2201	2	2	MACRO ECONOMICS	NO	BAED|BEICT|DPLM	BAED|BEICT|DPLM
5384	06503	ECO 2204	2	2	INDUSTRIAL ECONOMICS	NO	BAED|BEICT	BAED|BEICT
115	06503	MGT6204	2	2	RESEARCH THESIS	NO	MBA	MBA
5385	06503	BEC3101	3	1	INTERMEDIATE MICRO-ECONOMICS	NO	BAED|BEICT	BAED|BEICT|BSCED|BSCEDU
5386	06503	BEC3102	3	1	ECONOMIC POLICY AND PLANNING	NO	BAED|BEICT	BAED|BEICT|BSCED|BSCEDU
5387	06503	BEF 3102	3	1	CONTEMPORARY EDUCATION SYSTEMS	NO	BAED|BEICT|BVS	BAED|BEICT|BVS
5522	06503	BEF3102	3	1	PHILOSOPHICAL FOUNDATIONS OF EDUCATION	NO	NULL	BADE|BAED|BEICT|BVS
5388	06503	BEM 3101	3	1	INTRODUCTION TO EDUCATION MEASUREMENT AND EVALUATION	NO	BAED|BEICT|BVS	BAED|BEICT|BVS
5523	06503	BEM3101	3	1	INTRODUCTION TO EDUCATIONAL MEASUREMENT AND EVALUATION	NO	BEICT	BADE|BAED|BAED/A|BEICT|BEM|BSCED|BSCEDU|BVS
5524	06503	BHI3102	3	1	HISTORY OF MILITARY & CONFLICT RESOLUTION IN AFRICA SINCE 1870	NO	BAED	BAED|BEICT
5525	06503	BHI3103	3	1	19TH  CENTURY HISTORY OF WEST AFRICA	NO	BAED|BEICT	BAED|BED(S)|BEICT
5526	06503	BHI3107	3	1	HUMAN RIGHTS IN AFRICA UP TO 1960	NO	BAED	BAED
5527	06503	BHI3109	3	1	HISTORY OF UGANDA FROM THE PRE-COLONIAL PERIOD UP TO 1900	NO	BAED|BEICT	BAED|BEICT
5528	06503	BLL3103	3	1	PHILOSOPHICAL INTERPRETATION OF PROVERBS	NO	BAED|BEICT	BAED|BEICT
5529	06503	BLL3103B	3	1	THE KIGANDA POETRY	NO	BAED|BED(P)|BED(S)	BAED|BED(P)|BED(S)
5389	06503	BME3101	3	1	BIO MATHEMATICS	NO	BAED|BEICT	BAED|BEICT|BSCED
5390	06503	BME3102	3	1	NUMERICAL ANALYSIS	NO	BAED|BEICT	BAED|BEICT|BSCED|BSCEDU
5391	06503	BME3105	3	1	DISCRETE MATHEMATICS	NO	BAED|BEICT	BAED|BEICT
5392	06503	BME3108	3	1	FUNCTIONAL ANALYSIS	NO	BAED|BEICT	BAED
5393	06503	BME3109	3	1	DIFFERENTIAL EQUATIONS AND DYNAMICAL SYSTEMS	NO	BAED|BEICT	BAED|BEICT
5394	06503	BCU 3201	3	2	CURRICULUM DESIGN DEVELOPMENT AND IMPLEMENTATION	NO	BAED|BEICT	BAED
5530	06503	BCU3201	3	2	CURRICULUM DESIGN DEVELOPMENT AND IMPLEMENTATION	NO	BAED|BECD|BEICT|BVS	BADE|BAED|BAED/A|BEICT|BSCED|BSCEDU|BVS
5395	06503	BEF3201	3	2	SPECIAL NEEDS EDUCATION	NO	BAED|BEICT|BVS	BADE|BAED|BEICT|BSCED|BSCEDU|BVS
5396	06503	BEF3202	3	2	ECONOMICS OF EDUCATION	NO	BAED|BEICT|BVS	BAED|BEICT
5397	06503	BER3206	3	2	RESEARCH REPORT	NO	BAED|BEICT|BVS	BADE|BAED|BAED/A|BED(P)|BEICT|BSCED|BSCEDU|BVS
5398	06503	BGC 3201	3	2	INTRODUCTION TO GUIDANCE AND COUNSELLING	NO	BAED|BEICT|BVS	BAED|BVS
5531	06503	BGC3201	3	2	EDUCATIONAL COUNSELLING AND GUIDANCE	NO	BAED|BEICT|BVS	BADE|BAED|BAED/A|BEICT|BGC|BSCED|BSCEDU|BVS
5532	06503	BHI3204	3	2	HUMAN RIGHTS IN POST COLONIAL AFRICA SINCE 1960	NO	BAED	BAED
5533	06503	BHI3207	3	2	THEMES IN HISTORY OF INTERNATIONAL  RELATIONS	NO	BAED	BAED|BED(S)
5534	06503	BHI3208	3	2	POST COLONIAL HISTORY OF UGANDA SINCE 1900	NO	BAED|BEICT	BAED|BEICT
5535	06503	BHI3209	3	2	THE TWENTIETH CENTURY HISTORY OF WEST AFRICA SINCE 1960	NO	BAED|BED(S)|BEICT	BAED|BEICT
5536	06503	BLL3201	3	2	LUGANDA DRAMA	NO	BAED|BEICT	BAED|BBM|BEICT
5537	06503	BLL3202	3	2	CONTEMPORARY LITELARY STUDIES IN LUGANDA	NO	BAED|BEICT	BAED|BBM|BEICT
5399	06503	BME3201	3	2	LINEAR PROGRAMMING	NO	BAED|BEICT	BAED|BEICT|BSCED|BSCEDU
5400	06503	BME3205	3	2	DIFFERENTIAL EQUATIONS II	NO	BAED|BEICT	BAED|BEICT|BSCED|BSCEDU
5401	06503	BME3206	3	2	REAL ANALYSIS	NO	BAED	BAED|BED(P)|BEICT|BSCED
5402	06503	BME3207	3	2	TOPOLOGY	NO	BAED|BEICT	BAED|BEICT
5403	06503	BSP3202	3	2	SCHOOL PRACTICE (6 Weeks)	NO	BAED|BEICT|BVS	BAED|BBM|BEICT|BVS
5404	06503	ECO3201	3	2	INTERMEDIATE MACRO ECONOMICS	NO	BAED|BEICT	BAED|BEICT
5405	06503	ECO3204	3	2	INTERNATIONAL ECONOMICS	NO	BAED|BEICT	BAED|BEICT
5170	06504	BEC1101	1	1	INTRODUCTION TO  MICROECONOMICS	NO	BAED|BEICT	BAED|BEICT|BSCED|BSCEDU
5171	06504	BEC1102	1	1	INTRODUCTION TO MATHEMATICS AND STATISTICS FOR ECONOMICS	NO	BAED	BAED|BEICT|BSCED|BSCEDU
5172	06504	BME1102	1	1	CALCULUS I	NO	BAED|BEICT	BAED|BEICT|BSCED|BSCEDU
5173	06504	BME1105	1	1	LINEAR ALGEBRA I	NO	BAED|BEICT	BAED|BEICT|BSCED
5174	06504	BSA1101	1	1	SOCIAL AND ADOLESCENT PSYCHOLOGY	NO	BAED|BEICT|BVS	|BAED|BEICT|BVS
5175	06504	MGT1101B	1	1	PRINCIPLES OF BUSINESS MANAGEMENT	NO	BAED|BBA|BCOM|BEICT|BHRM|BPA|BPLM|BSAF|BSM|DAF	BAED|BBA|BBC|BBM|BCOM|BEICT|BEM|BES|BHRM|BMC|BMF|BPA|BPLM|BSAF|BSM|DPE
5176	06504	BCU1201	1	2	FOUNDATIONS OF CURRICULUM STUDIES	NO	BAED|BEICT|BVS	BADE|BAED|BAED/A|BEICT|BSCED|BSCEDU|BVS
5177	06504	BEC1201	1	2	PRINCIPLES OF DEVELOPMENT ECONOMICS	NO	BAED|BEICT	BAED|BEICT|BSCED|BSCEDU
5178	06504	BEC1202	1	2	INTRODUCTORY MACRO ECONOMICS	NO	NULL	BAED|BEICT|BSCED|BSCEDU
5179	06504	BEF1201	1	2	SOCIOLOGICAL FOUNDATIONS OF EDUCATION 	NO	BAED|BEICT|BVS	BADE|BAED|BAED/A|BED(P)|BEICT|BSCED|BSCEDU|BVS
5180	06504	BEF1202	1	2	PSYCHOLOGICAL FOUNDATIONS OF EDUCATION	NO	BAED|BEICT|BVS	BADE|BAED|BAED/A|BED(P)|BED(S)|BEICT|BSCED|BSCEDU|BVS|DJ
5181	06504	BMA1201	1	2	EDUCATIONAL MANAGEMENT AND ADMINISTRATION	NO	BAED|BED(S)|BEICT|BVS	BADE|BAED|BAED/A|BEICT|BSCED|BSCEDU|BVS
5182	06504	BME1202	1	2	CALCULUS II	YES	BAED|BEICT	BAED|BEICT|BSCED|BSCEDU
5183	06504	BMEI1206	1	2	ELEMENTS OF PROBABILITY AND STATISTICS	NO	NULL	BAED|BED(P)|BEICT
5184	06504	FND1205B	1	2	HISTORY AND CULTURAL HERITAGE OF UGANDA	NO	BAED|BBA|BCOM|BEICT|BHRM|BIFA|BMC|BPLM|BSAF|BSM|BTHM|BVS|SWSA	|BAED|BBA|BBC|BBM|BCOM|BDS|BEICT|BEM|BES|BHRM|BMC|BMF|BPA|BPLM|BSAF|BSM|BTHM|BVS|DPE|SWSA
5185	06504	BEC2101	2	1	 MICRO ECONOMICS	NO	BAED|BEICT	BAED|BEICT|BSCED|BSCEDU
5186	06504	BEF2101	2	1	HISTORICAL FOUNDATIONS OF EDUCATION	NO	BAED|BVS	BADE|BAED|BAED/A|BEICT|BSCED|BSCEDU|BVS
5187	06504	BEF2102	2	1	PHILOSOPHICAL FOUNDATIONS OF EDUCATION	NO	BAED|BEICT|BVS	BADE|BAED|BAED/A|BBM|BEICT|BSCED|BSCEDU|BVS
5188	06504	BEP2101	2	1	BUSINESS PLAN AND EMPLOYMENT OPPORTUNITIES	NO	NULL	BAED
5189	06504	BER2101	2	1	EDUCATIONAL RESEARCH METHODS	NO	BAED|BEICT|BVS	BADE|BAED|BEICT|BSCED|BSCEDU|BVS
5190	06504	BHL2101	2	1	HUMAN LEARNING/GROWTH AND COGNITION /DEVELOPMENT 	NO	BAED|BEICT|BVS	BAED|BEICT|BVS
5191	06504	BME2102	2	1	REAL ANALYSIS I	NO	BAED	BAED|BED(P)|BEICT|BSCED|BSCEDU|SWSA
5192	06504	BME2103	2	1	LINEAR ALGEBRA II	NO	BAED|BEICT	BAED|BED(P)|BEICT|BSCED|BSCEDU
5193	06504	BME2108	2	1	DIFFERENTIAL EQUATIONS	NO	BAED|BEICT	BAED|BEICT
5194	06504	BME2109	2	1	PROBABILITY THEORY	NO	BAED|BEICT	BAED|BEICT
5195	06504	MGT2103B	2	1	PROJECT PLANNING AND MANAGEMENT	NO	BAED|BBA|BCOM|BEICT|BHRM|BIT|BPLM|BSAF|BSM|SWSA	|BAED|BBA|BBC|BBM|BCOM|BEICT|BEM|BES|BHRM|BMF|BPA|BPLM|BSAF|BSDE|BSM|DAF|DPE
5196	06504	BCU2201	2	2	GENERAL TEACHING - LEARNING METHODS	NO	BAED|BEICT|BVS	BADE|BAED|BEICT|BSCED|BSCEDU|BVS
5197	06504	BCU2204	2	2	PROFESSIONAL ETHICS	NO	BAED|BEICT|BVS	BAED|BEICT|BVS
5198	06504	BEC2205	2	2	ECONOMICS TEACHING METHODS	NO	BAED|BEICT	BAED|BEICT|BSCED|BSCEDU
5199	06504	BER2201	2	2	EDUCATIONAL RESEARCH METHODS	NO	NULL	BADE|BAED|BAED/A|BEICT|BSCED|BSCEDU
5200	06504	BME2205	2	2	COMPLEX VARIABLES	NO	BAED|BEICT	BAED|BEICT|BSCEDU
5201	06504	BME2206	2	2	NUMERICAL ANALYSIS I	NO	BAED|BEICT	BAED|BEICT
5202	06504	BME2207	2	2	ABSTRACT ALGEBRA I	NO	BAED|BEICT	BAED
5203	06504	BME2208	2	2	STATISTICAL INFERENCE 	NO	BAED|BEICT	BAED|BEICT
5204	06504	BME2209	2	2	MATHEMATICS TEACHING METHODS	NO	BAED|BEICT	BAED|BEICT
5205	06504	BSP2201	2	2	SCHOOL PRACTICE (6Weeks)	YES	BAED|BEICT|BVS	BADE|BAED|BED(ECD)|BEICT|BMC|BSCED|BVS
5206	06504	ECO2204	2	2	INDUSTRIAL ECONOMICS	NO	BAED	BAED|BEICT
72	06504	MPH5202	2	2	RESEARCH DISSERTATION	NO	MEMA	NULL
5207	06504	BEC3101	3	1	INTERMEDIATE MICRO-ECONOMICS	NO	BAED|BEICT	BAED|BEICT|BSCED|BSCEDU
5208	06504	BEC3102	3	1	ECONOMIC POLICY AND PLANNING	NO	BAED|BEICT	BAED|BEICT|BSCED|BSCEDU
5226	06504	BEF3102	3	1	PHILOSOPHICAL FOUNDATIONS OF EDUCATION	NO	NULL	BADE|BAED|BEICT|BVS
5227	06504	BEM3101	3	1	INTRODUCTION TO EDUCATIONAL MEASUREMENT AND EVALUATION	NO	BEICT	BADE|BAED|BAED/A|BEICT|BEM|BSCED|BSCEDU|BVS
5209	06504	BME3101	3	1	BIO MATHEMATICS	NO	BAED|BEICT	BAED|BEICT|BSCED
5210	06504	BME3102	3	1	NUMERICAL ANALYSIS	NO	BAED|BEICT	BAED|BEICT|BSCED|BSCEDU
5211	06504	BME3105	3	1	DISCRETE MATHEMATICS	NO	BAED|BEICT	BAED|BEICT
5212	06504	BME3108	3	1	FUNCTIONAL ANALYSIS	NO	BAED|BEICT	BAED
5213	06504	BME3109	3	1	DIFFERENTIAL EQUATIONS AND DYNAMICAL SYSTEMS	NO	BAED|BEICT	BAED|BEICT
5214	06504	BCU3201	3	2	CURRICULUM DESIGN DEVELOPMENT AND IMPLEMENTATION	NO	BAED|BECD|BEICT|BVS	BADE|BAED|BAED/A|BEICT|BSCED|BSCEDU|BVS
5215	06504	BEF3201	3	2	SPECIAL NEEDS EDUCATION	NO	BAED|BEICT|BVS	BADE|BAED|BEICT|BSCED|BSCEDU|BVS
5216	06504	BEF3202	3	2	ECONOMICS OF EDUCATION	NO	BAED|BEICT|BVS	BAED|BEICT
5217	06504	BER3206	3	2	RESEARCH REPORT	NO	BAED|BEICT|BVS	BADE|BAED|BAED/A|BED(P)|BEICT|BSCED|BSCEDU|BVS
5218	06504	BGC3201	3	2	EDUCATIONAL COUNSELLING AND GUIDANCE	NO	BAED|BEICT|BVS	BADE|BAED|BAED/A|BEICT|BGC|BSCED|BSCEDU|BVS
5219	06504	BME3201	3	2	LINEAR PROGRAMMING	NO	BAED|BEICT	BAED|BEICT|BSCED|BSCEDU
5220	06504	BME3205	3	2	DIFFERENTIAL EQUATIONS II	NO	BAED|BEICT	BAED|BEICT|BSCED|BSCEDU
5221	06504	BME3206	3	2	REAL ANALYSIS	NO	BAED	BAED|BED(P)|BEICT|BSCED
5222	06504	BME3207	3	2	TOPOLOGY	NO	BAED|BEICT	BAED|BEICT
5223	06504	BSP3202	3	2	SCHOOL PRACTICE (6 Weeks)	NO	BAED|BEICT|BVS	BAED|BBM|BEICT|BVS
5224	06504	ECO3201	3	2	INTERMEDIATE MACRO ECONOMICS	NO	BAED|BEICT	BAED|BEICT
5225	06504	ECO3204	3	2	INTERNATIONAL ECONOMICS	NO	BAED|BEICT	BAED|BEICT
36	ACGC	MMC4101	1	1	ADVANCED MASS COMMUNICATION THEORIES	NO	MMC	|MMC
1	ACJ	ADM1106B	1	1	BASIC KISWAHILI	NO	BSM|TEST	|BSM
2	ACJ	ADM1107B	1	1	ELEMENTALLY SHORT HAND	NO	BBA|BSM	BSM|DSM
5109	ACJ	BGE3103B	1	1	AGRICULTURE AND DEVELOPMENT	NO	BED(S)	BED(S)
5109	ACJ	BGE3103B	1	1	DEVELOPMENT GEOGRAPHY OF EUROPE AND ASIA	NO	BED(S)	BED(S)
5110	ACJ	CME2201	1	1	MATHEMATICS IV	NO	ACAD	CMEC
5110	ACJ	CME2201	1	1	MATHEMATICS IV 	NO	ACAD	CMEC
4521	BADE	FAD1101B	1	1	HISTORY AND ART APPRECIATION I	NO	BAED|BEICT|BIFA|BVS	BBM|BIFA|BVS
4516	BADE	FAD1101B	1	1	HISTORY AND ART APPRECIATION I	NO	BAED|BEICT|BIFA|BVS	BBM|BIFA|BVS
4517	BADE	FAD2101B	2	1	HISTORY AND ART APPRECIATION II	NO	BIFA|BVS	|BIFA|BVS
4523	BADE	FAD2101B	2	1	HISTORY AND ART APPRECIATION II	NO	BIFA|BVS	|BIFA|BVS
2236	BADE	BEC3102	3	1	ECONOMIC POLICY AND PLANNING	NO	BAED|BEICT	BAED|BEICT|BSCED|BSCEDU
4518	BADE	FAD3101B	3	1	HISTORY AND ART APPRECIATION II	NO	BIFA|BVS	BIFA|BVS
4524	BADE	FAD3101B	3	1	HISTORY AND ART APPRECIATION II	NO	BIFA|BVS	BIFA|BVS
4519	BADE	FAD3111B	3	1	MONUMENTAL SCULPTURE & STUDIO TECHNOLOGY	NO	BIFA|BVS	BIFA|BVS
4522	BADE	FAD3111B	3	1	MONUMENTAL SCULPTURE & STUDIO TECHNOLOGY	NO	BIFA|BVS	BIFA|BVS
5910	BAED	BCU1102B	1	1	FOUNDATIONS OF CURRICULUM STUDIES	NO	BBE|BBEI|BED(P)|BED(S)	BBE|BBEI|BED(ECD)|BED(P)|BED(S)
5913	BAED	BEM1107B	1	1	INTRODUCTION TO EDUCATIONAL MEASUREMENT AND EVALUATION	NO	BBE|BBEI|BED(P)|BED(S)	BBE|BBEI|BED(P)|BED(S)
5914	BAED	BER1105B	1	1	EDUCATIONAL RESEARCH	NO	BBE|BBEI|BED(P)|BED(S)|BEICT	|BBE|BBEI|BED(P)|BED(S)
9515	BAED	ICT1104B	1	1	WEBSITE DESIGN AND INTERNET TECHNOLOGY	NO	BEICT|BIT|BSM|BVS	BBC|BCS|BEICT|BIFA|BIT|BLIS|BSE|BSM|DIT
9250	BAED	ICT1104B	1	1	WEBSITE DESIGN AND INTERNET TECHNOLOGY	NO	BEICT|BIT|BSM|BVS	BBC|BCS|BEICT|BIFA|BIT|BLIS|BSE|BSM|DIT
5916	BAED	BCU1201B	1	2	GENERAL TEACHING-LEARNING METHODS	NO	BBE|BBEI|BED(P)|BED(S)|DPE	BBE|BBEI|BED(P)|BED(S)
5918	BAED	BCU1205B	1	2	EDUCATIONAL TECHNOLOGY	NO	BBE|BBEI|BED(P)|BED(S)|DPE	BBE|BBEI|BED(P)|BED(S)
5919	BAED	BEE1206B	1	2	PROFESSIONAL ETHICS	NO	BBE|BBEI|BED(P)|BED(S)|DPE	BBE|BBEI|BED(ECD)|BED(P)|BED(S)
5921	BAED	BEF1203B	1	2	HISTORICAL FOUNDATIONS OF EDUCATION	NO	BBE|BBEI|BED(P)|BED(S)|DPE	BBE|BBEI|BED(P)|BED(S)
5922	BAED	BEF1204B	1	2	CONTEMPORARY EDUCATION SYSTEM	NO	BBEI|BED(P)|BED(S)	BBEI|BED(P)|BED(S)
5923	BAED	BEF1207B	1	2	SPECIAL NEEDS IN  EDUCATION	NO	BBE|BBEI|BED(P)|BED(S)|DPE	BBE|BBEI|BED(P)|BED(S)
5924	BAED	BGC1203B	1	2	EDUCATIONAL GUIDANCE AND COUNSELLING	NO	BBE|BBEI|BED(P)|BED(S)|DPE	BBE|BBEI|BED(P)|BED(S)
9259	BAED	ICT1202C	1	2	SYSTEM ADMINISTRATION	NO	BEICT	ACITE|BEICT
9260	BAED	ICT1203B	1	2	DATABASE SYSTEMS 	NO	BEICT|BIT|DIT	BBC|BCS|BEICT|BIT|BLIS|BSE|DIT
9524	BAED	ICT1203B	1	2	DATABASE SYSTEMS 	NO	BEICT|BIT|DIT	BBC|BCS|BEICT|BIT|BLIS|BSE|DIT
9526	BAED	ICT1206B	1	2	ICT LABORATORY MANAGEMENT	NO	BEICT	BEICT
5926	BAED	BEL1301B	1	3	INTRODUCTION TO THE STUDY OF ENGLISH LANGUAGE	NO	BED(P)|BED(S)|DPE	BED(P)|BED(S)
5927	BAED	BLT1301B	1	3	INTRODUCTION TO THE STUDY OF LITERATURE	NO	BED(P)|BED(S)|DPE	BED(P)|BED(S)
5928	BAED	BLT1302B	1	3	MODES OF LITERARY  CRITICISM  I	NO	BED(P)|BED(S)	BED(P)|BED(S)
5929	BAED	BRE1301B	1	3	WORLD RELIGIONS	NO	BED(P)|BED(S)	BED(P)|BED(S)
5930	BAED	BRE1302B	1	3	INTRODUCTION TO ISLAM	NO	BED(P)|BED(S)	BED(P)|BED(S)
5931	BAED	BRE1303B	1	3	RELIGIOUS CONFLICT RESOLUTION	NO	BED(P)|BED(S)	BED(P)|BED(S)
5932	BAED	BEL2101B	2	1	SOCIOLINGUISTICS	NO	BED(P)|BED(S)	BED(P)|BED(S)
5933	BAED	BLT2101B	2	1	THE SHORT STORY	NO	BED(P)|BED(S)	BED(P)|BED(S)
5934	BAED	BLT2102B	2	1	ORAL LITERATURE	NO	BED(P)|BED(S)	BED(P)|BED(S)
5935	BAED	BRE2101B	2	1	BIBLICAL LAW AND HISTORICAL BOOKS	NO	BED(P)|BED(S)	BED(P)|BED(S)
5936	BAED	BRE2102B	2	1	CHURCH HISTORY OF AFRICA	NO	BED(P)|BED(S)	BED(P)|BED(S)
5937	BAED	BRE2103B	2	1	HISTORY OF ISLAMIC CIVILIZATION	NO	BED(P)|BED(S)	BED(P)|BED(S)
9535	BAED	ICT2101B	2	1	COMPUTER REPAIR AND MAINTENANCE 	NO	BEICT|BIT|BSM|DIT	BBC|BCS|BED(S)|BEICT|BIT|BSM
9267	BAED	ICT2101B	2	1	COMPUTER REPAIR AND MAINTENANCE 	NO	BEICT|BIT|BSM|DIT	BBC|BCS|BED(S)|BEICT|BIT|BSM
9536	BAED	ICT2115B	2	1	COMPUTER TEACHING METHODS	NO	BEICT	BED(S)|BEICT
9268	BAED	ICT2115B	2	1	COMPUTER TEACHING METHODS	NO	BEICT	BED(S)|BEICT
9269	BAED	ICT2116B	2	1	EDUCATION INFORMATION SYSTEM	NO	BEICT	BEICT
9537	BAED	ICT2116B	2	1	EDUCATION INFORMATION SYSTEM	NO	BEICT	BEICT
5938	BAED	BEL2201B	2	2	THEORIES OF LANGUAGE LEARNING	NO	BED(P)|BED(S)	BED(P)|BED(S)
5939	BAED	BEL2203B	2	2	THE RECEPTIVE SKILLS OF COMMUNICATION	NO	BED(P)|BED(S)|DPE	BED(P)|BED(S)
5941	BAED	BRE2201B	2	2	BIBLICAL PROPHETIC AND WISDOM LITERATURE  BOOKS	NO	BED(P)|BED(S)	BED(P)|BED(S)
5942	BAED	BRE2202B	2	2	QURAN I	NO	BED(P)|BED(S)	BED(P)|BED(S)
5943	BAED	BRE2203B	2	2	THE CONCEPT OF GOD IN CHILDS SOCIAL ENVIRONMENT	NO	BED(P)|BED(S)	BED(P)|BED(S)
9545	BAED	ICT2201B	2	2	EVENT DRIVEN PROGRAMMING	NO	BEICT|BIT	BBC|BCS|BED(S)|BEICT|BIT
9278	BAED	ICT2201B	2	2	EVENT DRIVEN PROGRAMMING	NO	BEICT|BIT	BBC|BCS|BED(S)|BEICT|BIT
9279	BAED	ICT2202B	2	2	DATABASE PROGRAMMING	NO	BEICT|BIT	BBC|BCS|BEICT|BIT|BSE|BSM
9546	BAED	ICT2203B	2	2	STATISTICAL DATA ANALYSIS	NO	BEICT|BIT|BSM	|BBC|BBM|BCS|BEICT|BES|BIT|BSE|BSM
9547	BAED	ICT2204B	2	2	OPERATING SYSTEM	NO	BEICT|BIT	BBC|BCS|BEICT|BIT
9548	BAED	ICT2205B	2	2	SCRIPTING LANGUAGES	NO	BEICT|BIT	BBC|BED(S)|BEICT|BIT|BSE|BSM
9280	BAED	ICT2205B	2	2	SCRIPTING LANGUAGES	NO	BEICT|BIT	BBC|BED(S)|BEICT|BIT|BSE|BSM
5944	BAED	BEL2301B	2	3	THE PRODUCTIVE SKILLS OF COMMUNICATION	NO	BED(P)|BED(S)	BED(P)|BED(S)
5945	BAED	BLT2301B	2	3	THE NOVEL	NO	BED(P)|BED(S)	BED(P)|BED(S)
5946	BAED	BLT2303B	2	3	DRAMA	NO	BED(P)|BED(S)	BED(P)|BED(S)
5947	BAED	BRE2301B	2	3	AFRICAN TRADITIONAL RELIGION	NO	BED(P)|BED(S)	BED(P)|BED(S)
5948	BAED	BRE2302B	2	3	HADITH AND FIQH	NO	BED(P)|BED(S)	BED(P)|BED(S)
5949	BAED	BRE2303B	2	3	EARLY CHURCH AND THE GOSPEL	NO	BED(P)|BED(S)	BED(P)|BED(S)
5950	BAED	BEL3101B	3	1	ENGLISH LANGUAGE TEACHING METHODS	NO	BED(P)|BED(S)	BED(P)|BED(S)
5951	BAED	BLT3101B	3	1	LITERATURE TEACHING METHODS	NO	BED(P)|BED(S)	BED(P)|BED(S)
5952	BAED	BRE3101B	3	1	RELIGION AND GENDER	NO	BED(P)|BED(S)	BED(P)|BED(S)
5954	BAED	BRE3103B	3	1	CHURCH HISTORY OUTSIDE AFRICA	NO	BED(P)|BED(S)	BED(P)|BED(S)
9553	BAED	ICT3114B	3	1	ELECTRONIC PUBLISHING AND MULTIMEDIA	NO	BEICT	BED(S)|BEICT
9285	BAED	ICT3114B	3	1	ELECTRONIC PUBLISHING AND MULTIMEDIA	NO	BEICT	BED(S)|BEICT
5955	BAED	BEL3201B	3	2	ENGLISH CURRICULUM DESIGN AND DEVELOPMENT	NO	BED(P)|BED(S)	BED(P)|BED(S)
5956	BAED	BLT3202B	3	2	LITERATURE CURRICULUM DESIGN AND DEVELOPMENT	NO	BED(P)|BED(S)	BED(P)|BED(S)
5958	BAED	BRE3201B	3	2	ISLAM IN AFRICA	NO	BED(P)|BED(S)	BED(P)|BED(S)
9562	BAED	ICT3201B	3	2	DATA COMMUNICATION	YES	BEICT|BIT	BBC|BED(S)|BEICT|BIT
9293	BAED	ICT3201B	3	2	DATA COMMUNICATION	YES	BEICT|BIT	BBC|BED(S)|BEICT|BIT
9294	BAED	ICT3205B	3	2	LEGAL AND ETHICAL ASPECTS OF COMPUTING	NO	BEICT|BIT	BBC|BCS|BED(S)|BEICT|BIT|BSE
9563	BAED	ICT3205B	3	2	LEGAL AND ETHICAL ASPECTS OF COMPUTING	NO	BEICT|BIT	BBC|BCS|BED(S)|BEICT|BIT|BSE
5961	BAED	BLT3301B	3	3	THE ESSAY	NO	BED(P)|BED(S)	BED(P)|BED(S)
5962	BAED	BLT3302B	3	3	THE POETRY	NO	BED(P)	BED(P)|BED(S)
5963	BAED	BRE3301B	3	3	CONTEMPORARY ETHICAL CONCEPTS	NO	BED(P)|BED(S)	BED(P)|BED(S)
5964	BAED	BRE3302B	3	3	QURAN II	NO	BED(P)|BED(S)	BED(P)|BED(S)
5965	BAED	BRE3303B	3	3	ANALYSIS, EVALUATION AND ASSESSMENT OF RELIGIOUS STUDIES	NO	BED(P)|BED(S)	BED(P)|BED(S)
4478	BBE	BEF1204B	1	2	CONTEMPORARY EDUCATION SYSTEM	NO	BBEI|BED(P)|BED(S)	BBEI|BED(P)|BED(S)
3470	BBE	BBEI2205	2	3	INTERMEDIATE MACRO ECONOMICS	NO	NULL	BBEI|BED(S)
3472	BBE	BBEI2302	2	3	TAXATION MANAGEMENT	NO	NULL	BBEI|BED(S)
3468	BBE	BBEI2304	2	3	AUDITING AND INVESTIGATION 	NO	NULL	BAED|BBEI|BED(S)
3467	BBE	BBEI2305	2	3	BUSINESS UNIT	NO	NULL	BBEI|BED(S)
3469	BBE	BBEI2306	2	3	HUMAN RESOURCE MANAGEMENT	NO	NULL	BBEI
4852	BBE	BBE3301B	3	3	BUSINESS ETHICS AND SOCIAL RESPONSIBILITY	YES	BBEI	BBEI|BED(S)
4853	BBE	BBE3302B	3	3	PRODUCTION AND OPERATIONS MANAGEMENT	YES	BBEI	BBEI|BED(S)
4854	BBE	BBE3303B	3	3	PROJECT PLANNING AND MANAGEMENT	YES	BBEI	BBEI|BED(S)
3477	BBE	BBE3304B	3	3	MANAGERIAL ECONOMICS	YES	BBEI	BBEI|BED(S)
4856	BBE	BBE3305B	3	3	ADVANCED ACCOUNTING II	YES	BBEI	BBEI|BED(S)
4857	BBE	BBE3306B	3	3	RESEARCH REPORT	YES	BBEI	BBEI
3473	BBE	BBEI3302	3	3	PRODUCTION AND OPERATIONS MANAGEMENT	NO	NULL	BAED|BBEI|BED(S)|BEICT
3474	BBE	BBEI3303	3	3	PROJECT PLANNING AND MANAGEMENT	NO	NULL	BBEI|BED(S)
3475	BBE	BBEI3305	3	3	BUSINESS ETHICS	NO	NULL	BBEI|BED(S)
3476	BBE	BBEI3306	3	3	ADVANCED ACCOUNTING II	NO	NULL	BBEI
2235	BBM	FIN3102	3	1	LOCAL GOVERNMENT FINANCE	NO	BPA	BPA
10343	BCE	ICT 1108B	1	1	INTRODUCTION TO COMPUTING	NO	BMC	BMC
1796	BECD	bec3102b	3	1	MATHEMATICS APPLICATIONS IN ECD	NO	BED(P)	BED(P)
1797	BECD	bec3104b	3	2	ADMINISTRATION AND MANAGEMENT IN EARLY CHILD DEVELOPMENT CENTERS	YES	BED(P)	BED(P)
3822	BECD	BER3301B	3	3	RESEARCH REPORT	NO	BBEI|BED(P)|BED(S)	BAED|BBEI|BED(ECD)|BED(P)|BED(S)|BEICT
6317	BED(ECD)	BECD2108	2	1	SCIENCE EDUCATION IN ECD	NO	BECD	NULL
6320	BED(ECD)	BECD 3202	3	2	INFANT AND TODDLER CARE	NO	BECD	NULL
10937	BED(P)	BMU3207B	3	2	PERFORMANCE METHODS III	NO	BED(S)	BED(S)
8817	BED(S)	ADM1102	1	1	UGANDA'S ECONOMY	NO	NULL	BAED|BEICT
8818	BED(S)	BGE1103	1	1	HUMAN GEOGRAPHY	NO	BAED|BEICT	BAED|BEICT|BSCEDU
8640	BED(S)	BGE1103	1	1	HUMAN GEOGRAPHY	NO	BAED|BEICT	BAED|BEICT|BSCEDU
8641	BED(S)	BGE1104	1	1	EARTH'S PHYSICAL ENVIRONMENT	NO	BAED|BEICT	BAED|BEICT|BSCEDU
8819	BED(S)	BGE1104	1	1	EARTH'S PHYSICAL ENVIRONMENT	NO	BAED|BEICT	BAED|BEICT|BSCEDU
8820	BED(S)	BKE 1101	1	1	KISWAHILI ACQUISITION AND LANGUAGE MASTERY SKILLS	NO	BAED|BEICT|BVS	BAED|BEICT|BVS
8821	BED(S)	BSA1101	1	1	SOCIAL AND ADOLESCENT PSYCHOLOGY	NO	BAED|BEICT|BVS	|BAED|BEICT|BVS
8822	BED(S)	FIN1101B	1	1	FINANCIAL ACCOUNTING	NO	BAED|BBA|BCOM|BEICT|BHRM|BPA|BPLM|BSAF|BSM|BTHM|DAF	BAED|BBA|BBC|BBM|BCOM|BEICT|BEM|BES|BHRM|BIFA|BMC|BMF|BPA|BPLM|BSAF|BSM|BTHM|DPE
8823	BED(S)	FND 1101	1	1	COMMUNICATION AND TECHNOLOGY SKILLS	NO	BAED|BEICT|BVS	BAED|BEICT|BVS
8644	BED(S)	FND1101B	1	1	COMMUNICATION AND LANGUAGE SKILLS	NO	BAED|BBA|BCOM|BECD|BEICT|BHRM|BIFA|BIT|BMC|BPA|BPLM|BSAF|BSM|BTHM|BVS|DAF|DIT|SWSA	|BAED|BBA|BBC|BBEI|BBM|BCE|BCOM|BCS|BDS|BEE|BEICT|BEM|BES|BHRM|BIFA|BIT|BLIS|BMC|BMF|BPA|BPLM|BSAF|BSDE|BSE|BSM|BTHM|BVS|DAF|DEE|DJ|DPE|SWSA
8824	BED(S)	MGT1101B	1	1	PRINCIPLES OF BUSINESS MANAGEMENT	NO	BAED|BBA|BCOM|BEICT|BHRM|BPA|BPLM|BSAF|BSM|DAF	BAED|BBA|BBC|BBM|BCOM|BEICT|BEM|BES|BHRM|BMC|BMF|BPA|BPLM|BSAF|BSM|DPE
8646	BED(S)	BCU1201	1	2	FOUNDATIONS OF CURRICULUM STUDIES	NO	BAED|BEICT|BVS	BADE|BAED|BAED/A|BEICT|BSCED|BSCEDU|BVS
8825	BED(S)	BCU1201	1	2	FOUNDATIONS OF CURRICULUM STUDIES	NO	BAED|BEICT|BVS	BADE|BAED|BAED/A|BEICT|BSCED|BSCEDU|BVS
8647	BED(S)	BEF1201	1	2	SOCIOLOGICAL FOUNDATIONS OF EDUCATION 	NO	BAED|BEICT|BVS	BADE|BAED|BAED/A|BED(P)|BEICT|BSCED|BSCEDU|BVS
8826	BED(S)	BEF1201	1	2	SOCIOLOGICAL FOUNDATIONS OF EDUCATION 	NO	BAED|BEICT|BVS	BADE|BAED|BAED/A|BED(P)|BEICT|BSCED|BSCEDU|BVS
8649	BED(S)	BGE1201	1	2	PRACTICAL  GEOGRAPHY	NO	BAED|BEICT	BAED|BEICT|BSCEDU
8828	BED(S)	BGE1201	1	2	PRACTICAL  GEOGRAPHY	NO	BAED|BEICT	BAED|BEICT|BSCEDU
8650	BED(S)	BGE1202	1	2	DEVELOPMENT GEOGRAPHY OF EAST AFRICA	NO	BAED|BEICT	BAED|BEICT|BSCEDU
8829	BED(S)	BGE1202	1	2	DEVELOPMENT GEOGRAPHY OF EAST AFRICA	NO	BAED|BEICT	BAED|BEICT|BSCEDU
8651	BED(S)	BHI1201	1	2	THEMES IN AFRICAN HISTORY  SINCE 1871	NO	BAED|BEICT	BADE|BAED|BEICT
8652	BED(S)	BHI1202	1	2	THEMES IN EAST AFRICAN HISTORY SINCE 1900	NO	BAED|BEICT	BAED|BEICT
8831	BED(S)	FIN1201B	1	2	FINANCIAL MANAGEMENT	NO	BAED|BBA|BCOM|BEICT|BHRM|BPLM|BSAF|DHRM	BAED|BBA|BBC|BBM|BCOM|BEICT|BEM|BHRM|BMF|BPA|BPLM|BSAF|BSDE|DAF|DBM
8832	BED(S)	FND1205B	1	2	HISTORY AND CULTURAL HERITAGE OF UGANDA	NO	BAED|BBA|BCOM|BEICT|BHRM|BIFA|BMC|BPLM|BSAF|BSM|BTHM|BVS|SWSA	|BAED|BBA|BBC|BBM|BCOM|BDS|BEICT|BEM|BES|BHRM|BMC|BMF|BPA|BPLM|BSAF|BSM|BTHM|BVS|DPE|SWSA
8654	BED(S)	FND1205B	1	2	HISTORY AND CULTURAL HERITAGE OF UGANDA	NO	BAED|BBA|BCOM|BEICT|BHRM|BIFA|BMC|BPLM|BSAF|BSM|BTHM|BVS|SWSA	|BAED|BBA|BBC|BBM|BCOM|BDS|BEICT|BEM|BES|BHRM|BMC|BMF|BPA|BPLM|BSAF|BSM|BTHM|BVS|DPE|SWSA
8833	BED(S)	MGT1201B	1	2	ENTREPRENEURSHIP SKILLS AND DEVELOPMENT	NO	BAED|BBA|BCOM|BEICT|BHRM|BIT|BMC|BPA|BPLM|BSAF|BSM|BTHM|DBA|SWSA	|BAED|BBA|BBC|BBM|BCE|BCOM|BCS|BDS|BEICT|BES|BHRM|BIT|BMC|BMF|BPA|BPLM|BSAF|BSDE|BSE|BSM|BTHM|DADE|DAF|DBA|DPE|SWSA
2884	BED(S)	BAG1304B	1	3	INTRODUCTION TO AGRICULTURE 	NO	BED(P)	BED(P)
3361	BED(S)	BEF 2101	2	1	HISTORICAL FOUNDATIONS OF EDUCATION	NO	BAED|BEICT	BAED|BEICT
8834	BED(S)	BEF2101	2	1	HISTORICAL FOUNDATIONS OF EDUCATION	NO	BAED|BVS	BADE|BAED|BAED/A|BEICT|BSCED|BSCEDU|BVS
8655	BED(S)	BEF2101	2	1	HISTORICAL FOUNDATIONS OF EDUCATION	NO	BAED|BVS	BADE|BAED|BAED/A|BEICT|BSCED|BSCEDU|BVS
8656	BED(S)	BEF2102	2	1	PHILOSOPHICAL FOUNDATIONS OF EDUCATION	NO	BAED|BEICT|BVS	BADE|BAED|BAED/A|BBM|BEICT|BSCED|BSCEDU|BVS
8835	BED(S)	BEF2102	2	1	PHILOSOPHICAL FOUNDATIONS OF EDUCATION	NO	BAED|BEICT|BVS	BADE|BAED|BAED/A|BBM|BEICT|BSCED|BSCEDU|BVS
8657	BED(S)	BER2101	2	1	EDUCATIONAL RESEARCH METHODS	NO	BAED|BEICT|BVS	BADE|BAED|BEICT|BSCED|BSCEDU|BVS
8837	BED(S)	BER2101	2	1	EDUCATIONAL RESEARCH METHODS	NO	BAED|BEICT|BVS	BADE|BAED|BEICT|BSCED|BSCEDU|BVS
8658	BED(S)	BGE2101	2	1	GEOMORPHOLOGY	NO	BAED|BEICT	BAED|BEICT|BSCEDU|DSE
8838	BED(S)	BGE2101	2	1	GEOMORPHOLOGY	NO	BAED|BEICT	BAED|BEICT|BSCEDU|DSE
3366	BED(S)	BGE2101	2	1	GEOMORPHOLOGY	NO	BAED|BEICT	BAED|BEICT|BSCEDU|DSE
8663	BED(S)	BHI2103	2	1	HISTORY OF THE REPUBLIC OF SOUTH AFRICA SINCE 1800	NO	BAED|BEICT	BAED|BEICT
3365	BED(S)	BHL2101	2	1	HUMAN LEARNING/GROWTH AND COGNITION /DEVELOPMENT 	NO	BAED|BEICT|BVS	BAED|BEICT|BVS
8842	BED(S)	BHL2101	2	1	HUMAN LEARNING/GROWTH AND COGNITION /DEVELOPMENT 	NO	BAED|BEICT|BVS	BAED|BEICT|BVS
3362	BED(S)	BSP 2101	2	1	INTRODUCTION TO SCHOOL PRACTICE	NO	BAED|BEICT|BVS	BAED|BEICT|BVS
8843	BED(S)	BSP2101	2	1	INTRODUCTION TO SCHOOL PRACTICE	NO	BEICT	BAED|BEICT
8844	BED(S)	MGT 1104B	2	1	ENTREPRENEURSHIP AND INNOVATION	NO	BAED|BBA|BEICT|BSAF	|BAED|BBA|BEICT
8845	BED(S)	PRC2101B	2	1	MARKETING MANAGEMENT	NO	BAED|BBA|BCOM|BEICT|BPLM|BSAF|DBA	BAED|BBA|BBM|BCOM|BEICT|BEM|BPLM|BSAF|DAF|DBA|DBM|DPLM
8664	BED(S)	BCU2201	2	2	GENERAL TEACHING - LEARNING METHODS	NO	BAED|BEICT|BVS	BADE|BAED|BEICT|BSCED|BSCEDU|BVS
8846	BED(S)	BCU2201	2	2	GENERAL TEACHING - LEARNING METHODS	NO	BAED|BEICT|BVS	BADE|BAED|BEICT|BSCED|BSCEDU|BVS
8665	BED(S)	BCU2202	2	2	EDUCATIONAL TECHNOLOGY	NO	BAED|BEICT|BVS	BADE|BAED|BAED/A|BEICT|BSCED|BSCEDU|BVS
8847	BED(S)	BCU2203	2	2	CURRICULUM EVALUATION AND INNOVATION	NO	BAED	BAED|BEICT
8666	BED(S)	BCU2204	2	2	PROFESSIONAL ETHICS	NO	BAED|BEICT|BVS	BAED|BEICT|BVS
8848	BED(S)	BCU2204	2	2	PROFESSIONAL ETHICS	NO	BAED|BEICT|BVS	BAED|BEICT|BVS
8849	BED(S)	BEP2204B	2	2	ENTREPRENEURSHIP TEACHING METHODS	NO	BAED|BEICT	BAED|BEICT
8668	BED(S)	BGE2203	2	2	URBAN GEOGRAPHY	NO	BAED	BAED|BEICT|BSCEDU
8851	BED(S)	BGE2203	2	2	URBAN GEOGRAPHY	NO	BAED	BAED|BEICT|BSCEDU
8852	BED(S)	BGE2205	2	2	GEOGRAPHY TEACHING METHODS	NO	BAED|BEICT	BAED|BEICT|BSCEDU
8669	BED(S)	BGE2205	2	2	GEOGRAPHY TEACHING METHODS	NO	BAED|BEICT	BAED|BEICT|BSCEDU
8670	BED(S)	BGE2206	2	2	THE DEVELOPMENT OF MODERN GEOGRAPHY	NO	BAED|BEICT	BAED|BEICT
8853	BED(S)	BGE2206	2	2	THE DEVELOPMENT OF MODERN GEOGRAPHY	NO	BAED|BEICT	BAED|BEICT
4967	BED(S)	BGE2206	2	2	THE DEVELOPMENT OF MODERN GEOGRAPHY	NO	BAED|BEICT	BAED|BEICT
8854	BED(S)	BGE2207	2	2	APPLIED GEOMORPHOLOGY	NO	BAED	BAED|BEICT
8671	BED(S)	BGE2207	2	2	APPLIED GEOMORPHOLOGY	NO	BAED	BAED|BEICT
8673	BED(S)	BHI2203	2	2	HISTORY OF ANGLOPHONE CENTRAL AFRICA SINCE 1800	NO	BAED|BEICT	BAED|BEICT
8674	BED(S)	BHI2205	2	2	HISTORY TEACHING METHODS	NO	BAED|BEICT	BAED|BEICT
4531	BED(S)	BPS2201B	2	2	SCIENCE AND TECHNOLOGY EDUCATION	NO	BED(P)	BED(P)
4532	BED(S)	BPS2203B	2	2	THERMAL PROPERTIES OF MATTER	NO	BED(P)	BED(P)
8675	BED(S)	BSP2201	2	2	SCHOOL PRACTICE (6Weeks)	YES	BAED|BEICT|BVS	BADE|BAED|BED(ECD)|BEICT|BMC|BSCED|BVS
8855	BED(S)	BSP2201	2	2	SCHOOL PRACTICE (6Weeks)	YES	BAED|BEICT|BVS	BADE|BAED|BED(ECD)|BEICT|BMC|BSCED|BVS
8856	BED(S)	MGT2201B	2	2	HUMAN RESOURCE MANAGEMENT	NO	BAED|BBA|BCOM|BEICT|BPLM|BSM|DPA	BAED|BBA|BBC|BBM|BCOM|BEICT|BEM|BHRM|BMF|BPA|BPLM|BSAF|BSDE|BSM|DBA|DPE|DSE
8857	BED(S)	MGT2203B	2	2	PRODUCTION AND OPERATIONS MANAGEMENT	NO	BAED|BBA|BCOM|BEICT|BHRM|BPA|BSAF	BAED|BBA|BBM|BCOM|BEICT|BEM|BHRM|BPA|BSAF|BSDE
8676	BED(S)	BEF 3102	3	1	CONTEMPORARY EDUCATION SYSTEMS	NO	BAED|BEICT|BVS	BAED|BEICT|BVS
8858	BED(S)	BEF 3102	3	1	CONTEMPORARY EDUCATION SYSTEMS	NO	BAED|BEICT|BVS	BAED|BEICT|BVS
8859	BED(S)	BEM3101	3	1	INTRODUCTION TO EDUCATIONAL MEASUREMENT AND EVALUATION	NO	BEICT	BADE|BAED|BAED/A|BEICT|BEM|BSCED|BSCEDU|BVS
8677	BED(S)	BEM3101	3	1	INTRODUCTION TO EDUCATIONAL MEASUREMENT AND EVALUATION	NO	BEICT	BADE|BAED|BAED/A|BEICT|BEM|BSCED|BSCEDU|BVS
8860	BED(S)	BGE3101	3	1	AGRICULTURE AND DEVELOPMENT	NO	BAED|BEICT	BAED|BEICT|BSCEDU
8678	BED(S)	BGE3101	3	1	AGRICULTURE AND DEVELOPMENT	NO	BAED|BEICT	BAED|BEICT|BSCEDU
8679	BED(S)	BGE3103	3	1	APPLIED CLIMATOLOGY	NO	BAED	BAED|BEICT|BSCEDU
8861	BED(S)	BGE3103	3	1	APPLIED CLIMATOLOGY	NO	BAED	BAED|BEICT|BSCEDU
8862	BED(S)	BGE3105	3	1	PRINCIPLES OF RESOURCE  DEVELOPMENT	NO	BAED	BAED|BEICT
8680	BED(S)	BGE3105	3	1	PRINCIPLES OF RESOURCE  DEVELOPMENT	NO	BAED	BAED|BEICT
8681	BED(S)	BGE3107	3	1	DEVELOPMENT GEOGRAPHY OF EUROPE AND ASIA	NO	BAED|BEICT	BAED|BEICT|BIT
8863	BED(S)	BGE3107	3	1	DEVELOPMENT GEOGRAPHY OF EUROPE AND ASIA	NO	BAED|BEICT	BAED|BEICT|BIT
8683	BED(S)	BHI3109	3	1	HISTORY OF UGANDA FROM THE PRE-COLONIAL PERIOD UP TO 1900	NO	BAED|BEICT	BAED|BEICT
8864	BED(S)	MGT3101B	3	1	STRATEGIC MANAGEMENT	NO	BAED|BBA|BCOM|BEICT|BHRM|BPLM|BSAF	BAED|BBA|BBC|BBM|BCOM|BEICT|BEM|BHRM|BMF|BPA|BPLM|BSAF|BSDE|DPE
8865	BED(S)	MGT3102B	3	1	CUSTOMER CARE AND PUBLIC RELATIONS	NO	BAED|BBA|BCOM|BEICT|BHRM|BSM	BAED|BBA|BBC|BBM|BCOM|BEICT|BEM|BES|BHRM|BMF|BPA|BPLM|BSAF|BSM|DPE
2900	BED(S)	BAG3205B	3	2	LIVE STOCK PRODUCTION 	NO	BED(P)	BED(P)
8684	BED(S)	BCU3201	3	2	CURRICULUM DESIGN DEVELOPMENT AND IMPLEMENTATION	NO	BAED|BECD|BEICT|BVS	BADE|BAED|BAED/A|BEICT|BSCED|BSCEDU|BVS
8866	BED(S)	BCU3201	3	2	CURRICULUM DESIGN DEVELOPMENT AND IMPLEMENTATION	NO	BAED|BECD|BEICT|BVS	BADE|BAED|BAED/A|BEICT|BSCED|BSCEDU|BVS
8867	BED(S)	BEF3201	3	2	SPECIAL NEEDS EDUCATION	NO	BAED|BEICT|BVS	BADE|BAED|BEICT|BSCED|BSCEDU|BVS
8685	BED(S)	BEF3201	3	2	SPECIAL NEEDS EDUCATION	NO	BAED|BEICT|BVS	BADE|BAED|BEICT|BSCED|BSCEDU|BVS
8868	BED(S)	BEF3202	3	2	ECONOMICS OF EDUCATION	NO	BAED|BEICT|BVS	BAED|BEICT
8869	BED(S)	BER3206	3	2	RESEARCH REPORT	NO	BAED|BEICT|BVS	BADE|BAED|BAED/A|BED(P)|BEICT|BSCED|BSCEDU|BVS
8686	BED(S)	BER3206	3	2	RESEARCH REPORT	NO	BAED|BEICT|BVS	BADE|BAED|BAED/A|BED(P)|BEICT|BSCED|BSCEDU|BVS
8870	BED(S)	BGC3201	3	2	EDUCATIONAL COUNSELLING AND GUIDANCE	NO	BAED|BEICT|BVS	BADE|BAED|BAED/A|BEICT|BGC|BSCED|BSCEDU|BVS
8687	BED(S)	BGC3201	3	2	EDUCATIONAL COUNSELLING AND GUIDANCE	NO	BAED|BEICT|BVS	BADE|BAED|BAED/A|BEICT|BGC|BSCED|BSCEDU|BVS
8688	BED(S)	BGE3202	3	2	SETTLEMENT GEOGRAPHY	NO	BAED	BAED|BEICT
8871	BED(S)	BGE3202	3	2	SETTLEMENT GEOGRAPHY	NO	BAED	BAED|BEICT
8689	BED(S)	BGE3203	3	2	TRANSPORT GEOGRAPHY	NO	BAED	BAED|BEICT
8872	BED(S)	BGE3203	3	2	TRANSPORT GEOGRAPHY	NO	BAED	BAED|BEICT
8692	BED(S)	BHI3208	3	2	POST COLONIAL HISTORY OF UGANDA SINCE 1900	NO	BAED|BEICT	BAED|BEICT
4974	BED(S)	BPS3201B	3	2	INDUSTRIAL AND ENVIRONMENTAL CHEMISTRY	YES	BED(P)	BED(P)
4975	BED(S)	BPS3202B	3	2	ANALYSIS AND ASSESSMENT  OF PRIMARY SCIENCE	YES	BED(P)	BED(P)
8694	BED(S)	BSP3202	3	2	SCHOOL PRACTICE (6 Weeks)	NO	BAED|BEICT|BVS	BAED|BBM|BEICT|BVS
8875	BED(S)	BSP3202	3	2	SCHOOL PRACTICE (6 Weeks)	NO	BAED|BEICT|BVS	BAED|BBM|BEICT|BVS
8876	BED(S)	FIN3204B	3	2	COMPUTERIZED ACCOUNTING	NO	BAED|BBA|BCOM|BEICT|BSAF	BAED|BBA|BBC|BBM|BCOM|BEICT|BSAF
2904	BED(S)	BAG3304B	3	3	PROJECT IN AGRICULTURE II	NO	BED(P)	BED(P)
4885	BEICT	BEP1101	1	1	ENTERPRENUERSHIP SKILLS AND DEVELOPMENT	NO	BAED	BAED
1016	BEICT	BRE2114	2	1	OLD TESTAMENT PROPHETIC BOOKS	NO	BAED	BAED
4950	BEICT	ECO2102	2	1	QUANTITATIVE METHODS	NO	BAED	BAED
10896	BEICT	ECO2102	2	1	QUANTITATIVE METHODS	NO	BAED	BAED
4949	BEICT	ECO2103	2	1	MATHEMATICAL ECONOMICS	NO	BAED	BAED
2459	BEICT	FIN2101B	2	1	INTERMEDIATE ACCOUNTING	NO	BAED|BBA|BCOM|BPLM|BSAF|DAF	BAED|BBA|BBM|BCOM|BSAF|DAF
1021	BEICT	BRE2212	2	2	HISTORY OF CHRISTIANITY IN NORTH AND WEST AFRICA	NO	BAED	BAED
4375	BEICT	BIT3103	3	1	INFORMATION SYSTEM AND NETWORK SECURITY 	NO	NULL	BIT
1025	BEICT	BRE3111	3	1	BIBLICAL WISDOM LITERATURE	NO	BAED	BAED
2446	BEICT	FIN3102B	3	1	MANAGERIAL ECONOMICS	NO	BAED|BBA|BCOM|BHRM|BPA|BPLM|BSAF|BSM	BAED|BBA|BBC|BBM|BCOM|BEM|BES|BHRM|BMF|BPA|BPLM|BSAF|BSDE|BSM|DPE
10280	BEICT	BRE3207	3	2	ISLAMIC MOVEMENTS	YES	BAED	BAED
10278	BEICT	BRE3208	3	2	ISLAMIC LAW	YES	BAED	NULL
4404	BES	BES3206	3	2	RESEARCH PROJECT	NO	BVS	NULL
1328	BSM	ICT2201B	1	1	EVENT DRIVEN PROGRAMMING	NO	BEICT|BIT	BBC|BCS|BED(S)|BEICT|BIT
1331	BSM	MGT2102B	1	1	INDUSTRIAL RELATIONS	NO	BHRM	|BHRM|BPA|DPE
2473	BVS	PRC2101B	2	1	MARKETING MANAGEMENT	NO	BAED|BBA|BCOM|BEICT|BPLM|BSAF|DBA	BAED|BBA|BBM|BCOM|BEICT|BEM|BPLM|BSAF|DAF|DBA|DBM|DPLM
2506	BVS	MGT2201B	2	2	HUMAN RESOURCE MANAGEMENT	NO	BAED|BBA|BCOM|BEICT|BPLM|BSM|DPA	BAED|BBA|BBC|BBM|BCOM|BEICT|BEM|BHRM|BMF|BPA|BPLM|BSAF|BSDE|BSM|DBA|DPE|DSE
2503	BVS	MGT2203D	2	2	PRODUCTION AND OPERATIONS MANAGEMENT	NO	BAED|BBA|BEICT|DAF|DBA	BAED|BEICT|DAF|DBA|DBM|DPA|DSE
2448	BVS	FIN3102B	3	1	MANAGERIAL ECONOMICS	NO	BAED|BBA|BCOM|BHRM|BPA|BPLM|BSAF|BSM	BAED|BBA|BBC|BBM|BCOM|BEM|BES|BHRM|BMF|BPA|BPLM|BSAF|BSDE|BSM|DPE
2454	BVS	FIN3106B	3	1	ADVANCED ACCOUNTING	NO	BAED|BBA|BCOM|BEICT|BSAF	BAED|BBA|BBM|BCOM|BSAF
2440	BVS	MGT3101B	3	1	STRATEGIC MANAGEMENT	NO	BAED|BBA|BCOM|BEICT|BHRM|BPLM|BSAF	BAED|BBA|BBC|BBM|BCOM|BEICT|BEM|BHRM|BMF|BPA|BPLM|BSAF|BSDE|DPE
5538	CAD	BLL1101	1	1	INTRODUCTION TO THE STUDY OF LUGANDA LANGUAGE EDUCATION	NO	BAED|BEICT	BAED|BEICT
5539	CAD	BLL1102	1	1	PRINCIPLES OF TRANSLATION IN LUGANDA	NO	BAED|BEICT	BAED|BEICT
5540	CAD	BSA1101	1	1	SOCIAL AND ADOLESCENT PSYCHOLOGY	NO	BAED|BEICT|BVS	|BAED|BEICT|BVS
5113	CAD	CME2201	1	1	MATHEMATICS IV 	NO	ACAD	CMEC
5113	CAD	CME2201	1	1	MATHEMATICS IV	NO	ACAD	CMEC
100	CAD	FIN6111	1	1	ADVANCED MANAGERIAL AND FINANCIAL ACCOUNTING	NO	MBA|PGD|TEST	|MBA
5541	CAD	ICT1101B	1	1	PRINCIPLES OF PROGRAMMING	NO	BBEI|BEICT|BIT|BMC|BPLM	BAED|BBC|BCE|BCS|BEE|BEICT|BIFA|BIT|BMC|BSE|BVS|DEE|DIT
5542	CAD	ICT1104B	1	1	WEBSITE DESIGN AND INTERNET TECHNOLOGY	NO	BEICT|BIT|BSM|BVS	BBC|BCS|BEICT|BIFA|BIT|BLIS|BSE|BSM|DIT
5501	CAD	ICT1108B	1	1	 COMPUTER LITERACY	NO	BAED|BBA|BCOM|BDS|BEICT|BHRM|BIFA|BIT|BMC|BPA|BPLM|BSAF|BSM|BTHM|BVS|SWSA|TEST	|ACAD|BAED|BBA|BBC|BBM|BCE|BCOM|BDS|BED(S)|BEE|BEICT|BEM|BES|BHRM|BIFA|BIT|BLIS|BMC|BMF|BPA|BPLM|BSAF|BSDE|BSM|BTHM|BVS|DAD|DAF|DEE|DIT|DPE|SWSA
5543	CAD	BCU1201	1	2	FOUNDATIONS OF CURRICULUM STUDIES	NO	BAED|BEICT|BVS	BADE|BAED|BAED/A|BEICT|BSCED|BSCEDU|BVS
5544	CAD	BEF1201	1	2	SOCIOLOGICAL FOUNDATIONS OF EDUCATION 	NO	BAED|BEICT|BVS	BADE|BAED|BAED/A|BED(P)|BEICT|BSCED|BSCEDU|BVS
5545	CAD	BEF1202	1	2	PSYCHOLOGICAL FOUNDATIONS OF EDUCATION	NO	BAED|BEICT|BVS	BADE|BAED|BAED/A|BED(P)|BED(S)|BEICT|BSCED|BSCEDU|BVS|DJ
5546	CAD	BIT1205	1	2	SYSTEMS ADMINSTRATION	NO	BEICT	BAED|BCS|BEICT|BIT|DIT
5547	CAD	BLL1201	1	2	LANGUAGE ANALYSIS & COMMUNICATION IN LUGANDA	NO	BAED|BEICT	BAED|BEICT
5548	CAD	BLL1202	1	2	THE PHONOLOGY OF LUGANDA LANGUAGE	NO	BAED|BEICT	BAED|BEICT
5549	CAD	BMA1201B	1	2	EDUCATIONAL MANAGEMENT & ADMINISTRATION	NO	BAED|BBE|BBEI|BED(P)|BED(S)|DPE	BAED|BBE|BBEI|BED(P)|BED(S)|BEICT
5550	CAD	FND1205B	1	2	HISTORY AND CULTURAL HERITAGE OF UGANDA	NO	BAED|BBA|BCOM|BEICT|BHRM|BIFA|BMC|BPLM|BSAF|BSM|BTHM|BVS|SWSA	|BAED|BBA|BBC|BBM|BCOM|BDS|BEICT|BEM|BES|BHRM|BMC|BMF|BPA|BPLM|BSAF|BSM|BTHM|BVS|DPE|SWSA
5551	CAD	ICT1203B	1	2	DATABASE SYSTEMS 	NO	BEICT|BIT|DIT	BBC|BCS|BEICT|BIT|BLIS|BSE|DIT
5552	CAD	ICT1205B	1	2	COMPUTER APPLICATIONS	NO	BEICT	BAED|BEICT|BSM|DSM
5553	CAD	ICT1206B	1	2	ICT LABORATORY MANAGEMENT	NO	BEICT	BEICT
5554	CAD	BEF2101	2	1	HISTORICAL FOUNDATIONS OF EDUCATION	NO	BAED|BVS	BADE|BAED|BAED/A|BEICT|BSCED|BSCEDU|BVS
5555	CAD	BEF2102	2	1	PHILOSOPHICAL FOUNDATIONS OF EDUCATION	NO	BAED|BEICT|BVS	BADE|BAED|BAED/A|BBM|BEICT|BSCED|BSCEDU|BVS
5556	CAD	BEP2101	2	1	BUSINESS PLAN AND EMPLOYMENT OPPORTUNITIES	NO	NULL	BAED
5557	CAD	BER2101	2	1	EDUCATIONAL RESEARCH METHODS	NO	BAED|BEICT|BVS	BADE|BAED|BEICT|BSCED|BSCEDU|BVS
5558	CAD	BHL2101	2	1	HUMAN LEARNING/GROWTH AND COGNITION /DEVELOPMENT 	NO	BAED|BEICT|BVS	BAED|BEICT|BVS
5559	CAD	BLL2101	2	1	MORPHOLOGY OF LUGANDA	NO	BAED|BEICT	BAED|BEICT|DSE
5560	CAD	ICT2101B	2	1	COMPUTER REPAIR AND MAINTENANCE 	NO	BEICT|BIT|BSM|DIT	BBC|BCS|BED(S)|BEICT|BIT|BSM
5561	CAD	ICT2115B	2	1	COMPUTER TEACHING METHODS	NO	BEICT	BED(S)|BEICT
5562	CAD	ICT2116B	2	1	EDUCATION INFORMATION SYSTEM	NO	BEICT	BEICT
5563	CAD	BCU2201	2	2	GENERAL TEACHING - LEARNING METHODS	NO	BAED|BEICT|BVS	BADE|BAED|BEICT|BSCED|BSCEDU|BVS
5564	CAD	BCU2204	2	2	PROFESSIONAL ETHICS	NO	BAED|BEICT|BVS	BAED|BEICT|BVS
5565	CAD	BLL2201	2	2	THE SYNTAX OF LUGANDA	NO	BAED|BEICT	BAED|BEICT
5566	CAD	BLL2202	2	2	LUGANDA NOVEL	NO	BAED|BEICT	BAED|BEICT
5567	CAD	BLL2205	2	2	LUGANDA TEACHING METHODS	NO	BAED|BEICT	BAED|BEICT
5568	CAD	BSP2201	2	2	SCHOOL PRACTICE (6Weeks)	YES	BAED|BEICT|BVS	BADE|BAED|BED(ECD)|BEICT|BMC|BSCED|BVS
5569	CAD	ICT2201B	2	2	EVENT DRIVEN PROGRAMMING	NO	BEICT|BIT	BBC|BCS|BED(S)|BEICT|BIT
5570	CAD	ICT2203B	2	2	STATISTICAL DATA ANALYSIS	NO	BEICT|BIT|BSM	|BBC|BBM|BCS|BEICT|BES|BIT|BSE|BSM
5571	CAD	ICT2204B	2	2	OPERATING SYSTEM	NO	BEICT|BIT	BBC|BCS|BEICT|BIT
5572	CAD	ICT2205B	2	2	SCRIPTING LANGUAGES	NO	BEICT|BIT	BBC|BED(S)|BEICT|BIT|BSE|BSM
5573	CAD	BEF3102	3	1	PHILOSOPHICAL FOUNDATIONS OF EDUCATION	NO	NULL	BADE|BAED|BEICT|BVS
5574	CAD	BEM3101	3	1	INTRODUCTION TO EDUCATIONAL MEASUREMENT AND EVALUATION	NO	BEICT	BADE|BAED|BAED/A|BEICT|BEM|BSCED|BSCEDU|BVS
5575	CAD	BLL3103	3	1	PHILOSOPHICAL INTERPRETATION OF PROVERBS	NO	BAED|BEICT	BAED|BEICT
5576	CAD	BLL3104	3	1	THE KIGANDA POETRY	NO	BAED|BEICT	BAED|BED(S)|BEICT
5577	CAD	ICT3114B	3	1	ELECTRONIC PUBLISHING AND MULTIMEDIA	NO	BEICT	BED(S)|BEICT
5578	CAD	BCU3201	3	2	CURRICULUM DESIGN DEVELOPMENT AND IMPLEMENTATION	NO	BAED|BECD|BEICT|BVS	BADE|BAED|BAED/A|BEICT|BSCED|BSCEDU|BVS
5579	CAD	BEF3201	3	2	SPECIAL NEEDS EDUCATION	NO	BAED|BEICT|BVS	BADE|BAED|BEICT|BSCED|BSCEDU|BVS
5580	CAD	BEF3202	3	2	ECONOMICS OF EDUCATION	NO	BAED|BEICT|BVS	BAED|BEICT
5581	CAD	BER3206	3	2	RESEARCH REPORT	NO	BAED|BEICT|BVS	BADE|BAED|BAED/A|BED(P)|BEICT|BSCED|BSCEDU|BVS
5582	CAD	BGC3201	3	2	EDUCATIONAL COUNSELLING AND GUIDANCE	NO	BAED|BEICT|BVS	BADE|BAED|BAED/A|BEICT|BGC|BSCED|BSCEDU|BVS
5583	CAD	BLL3201	3	2	LUGANDA DRAMA	NO	BAED|BEICT	BAED|BBM|BEICT
5584	CAD	BLL3202	3	2	CONTEMPORARY LITELARY STUDIES IN LUGANDA	NO	BAED|BEICT	BAED|BBM|BEICT
5585	CAD	BLL3203B	3	2	RESEARCH PROJECT IN LUGANDA	NO	BAED|BED(S)|BEICT	BAED|BED(P)|BED(S)
5586	CAD	BSP3202	3	2	SCHOOL PRACTICE (6 Weeks)	NO	BAED|BEICT|BVS	BAED|BBM|BEICT|BVS
5587	CAD	ICT3201B	3	2	DATA COMMUNICATION	NO	BEICT|BIT	BBC|BED(S)|BEICT|BIT
5588	CAD	ICT3205B	3	2	LEGAL AND ETHICAL ASPECTS OF COMPUTING	NO	BEICT|BIT	BBC|BCS|BED(S)|BEICT|BIT|BSE
10899	DBA	MGT1101B	1	1	PRINCIPLES OF BUSINESS MANAGEMENT	YES	BAED|BBA|BCOM|BEICT|BHRM|BPA|BPLM|BSAF|BSM|DAF	BAED|BBA|BBC|BBM|BCOM|BEICT|BEM|BES|BHRM|BMC|BMF|BPA|BPLM|BSAF|BSM|DPE
10923	DCE	ICT1108B	1	1	 COMPUTER LITERACY	YES	BAED|BBA|BCOM|BDS|BEICT|BHRM|BIFA|BIT|BMC|BPA|BPLM|BSAF|BSM|BTHM|BVS|SWSA|TEST	|ACAD|BAED|BBA|BBC|BBM|BCE|BCOM|BDS|BED(S)|BEE|BEICT|BEM|BES|BHRM|BIFA|BIT|BLIS|BMC|BMF|BPA|BPLM|BSAF|BSDE|BSM|BTHM|BVS|DAD|DAF|DEE|DIT|DPE|SWSA
1884	decd	DEC2101D	2	1	CURRICULUM FOR EARLY CHILDHOOD EDUCATION	NO	DPE	DPE
10907	DHRM	FIN 1103D	1	1	PRINCIPLES OF ACCOUNTING	YES	DBA|DPA|DPLM|DSM	DBA|DSM
1496	DMC	MSC2217D	2	2	LITERATURE AND JOURNALISM	NO	NULL	DJ
10917	DPA	FIN1101B	1	1	FINANCIAL ACCOUNTING	YES	BAED|BBA|BCOM|BEICT|BHRM|BPA|BPLM|BSAF|BSM|BTHM|DAF	BAED|BBA|BBC|BBM|BCOM|BEICT|BEM|BES|BHRM|BIFA|BMC|BMF|BPA|BPLM|BSAF|BSM|BTHM|DPE
3668	DPA	SWA2101B	2	1	STATISTICS IN SOCIAL RESEARCH	NO	NULL	SWSA
1536	DPA	ADM3201B	2	2	RURAL & COMMUNITY DEVELOPMENT	NO	NULL	BBM|BPA|DPE
1533	DPA	MGT3201B	3	2	ORGANIZATIONAL INTERNSHIP	NO	BBA|BCOM|BHRM|BPA|BPLM|BSAF|BSM	BBA|BBC|BBM|BCOM|BEM|BES|BHRM|BMF|BPA|BPLM|BSAF|BSDE|BSM|DPE
5737	DPE	BCU1102B	1	1	FOUNDATIONS OF CURRICULUM STUDIES	NO	BBE|BBEI|BED(P)|BED(S)	BBE|BBEI|BED(ECD)|BED(P)|BED(S)
5738	DPE	BEF1104B	1	1	SOCIOLOGICAL FOUNDATIONS OF EDUCATION	NO	BAED|BBE|BBEI|BED(P)|BED(S)	BAED|BBE|BBEI|BED(P)|BED(S)
5739	DPE	BEF1106B	1	1	PSYCHOLOGICAL FOUNDATIONS OF EDUCATION	NO	BAED|BBE|BBEI|BED(P)|BED(S)	BBE|BBEI|BED(P)|BED(S)
5740	DPE	BEM1107B	1	1	INTRODUCTION TO EDUCATIONAL MEASUREMENT AND EVALUATION	NO	BBE|BBEI|BED(P)|BED(S)	BBE|BBEI|BED(P)|BED(S)
5741	DPE	BER1105B	1	1	EDUCATIONAL RESEARCH	NO	BBE|BBEI|BED(P)|BED(S)|BEICT	|BBE|BBEI|BED(P)|BED(S)
5752	DPE	BEC1301B	1	3	ORIENTATION TO EARLY CHILDHOOD EDUCATION	NO	BED(ECD)|BED(P)	BED(P)
5753	DPE	BEC1302B	1	3	FUNDAMENTALS OF EARLY CHILD DEVELOPMENT	NO	BED(P)	BED(P)
5757	DPE	BLT1302B	1	3	MODES OF LITERARY  CRITICISM  I	NO	BED(P)|BED(S)	BED(P)|BED(S)
5758	DPE	BEC2101B	2	1	HEALTHY, SAFETY AND NUTRITION FOR YOUNG CHILDREN	NO	BECD|BED(ECD)|BED(P)	BED(P)
5759	DPE	BEC2102B	2	1	CHILD GROWTH AND DEVELOPMENT	NO	BECD|BED(P)	BED(P)
5760	DPE	BEC2103B	2	1	INFORMATION LITERACY USING JOLLY PHONICS	NO	BECD|BED(P)	BED(P)
5761	DPE	BEL2101B	2	1	SOCIOLINGUISTICS	NO	BED(P)|BED(S)	BED(P)|BED(S)
5762	DPE	BLT2101B	2	1	THE SHORT STORY	NO	BED(P)|BED(S)	BED(P)|BED(S)
5763	DPE	BLT2102B	2	1	ORAL LITERATURE	NO	BED(P)|BED(S)	BED(P)|BED(S)
5764	DPE	BEC2201B	2	2	CURRICULUM FOR EARLY CHILDHOOD EDUCATION	NO	BED(P)	BED(P)
5765	DPE	BEC2202B	2	2	LANGUAGE AND LITERACY DEVELOPMENT	NO	BED(P)	BED(P)
5766	DPE	BEC2203B	2	2	ANATOMY AND PHYSIOLOGY OF THE CHILD	NO	BED(P)	BED(P)
5767	DPE	BEL2201B	2	2	THEORIES OF LANGUAGE LEARNING	NO	BED(P)|BED(S)	BED(P)|BED(S)
5769	DPE	BLT2203B	2	2	MODES OF LITERARY CRITICISM    II	NO	BED(P)	BED(P)|BED(S)
5770	DPE	BEC2301B	2	3	DEVELOPING SCIENCE AND MATH SKILLS IN YOUNG CHILDREN	NO	BED(P)	BED(P)
5771	DPE	BEC2303B	2	3	WORKING WITH PRESCHOOLER	NO	BED(P)	BED(P)
5772	DPE	BEC2304B	2	3	INFANT AND TODDLER CARE	NO	BED(P)	BED(P)
5773	DPE	BEL2301B	2	3	THE PRODUCTIVE SKILLS OF COMMUNICATION	NO	BED(P)|BED(S)	BED(P)|BED(S)
5774	DPE	BLT2301B	2	3	THE NOVEL	NO	BED(P)|BED(S)	BED(P)|BED(S)
5775	DPE	BLT2303B	2	3	DRAMA	NO	BED(P)|BED(S)	BED(P)|BED(S)
5776	DPE	BEC3101B	3	1	PLAY IN LIVES OF YOUNG CHILDREN	NO	BED(P)	BED(P)
5777	DPE	BEC3102B	3	1	MATHEMATICS APPLICATIONS IN ECD	NO	BED(P)	BED(P)
5778	DPE	BEC3104B	3	1	ADMINISTRATION AND MANAGEMENT IN EARLY CHILD DEVELOPMENT CENTERS	NO	BED(P)	BED(P)
5788	DPE	BEC3302B	3	1	CULTURAL DIVERSITY IN EARLY CHILDHOOD PROGRAMMES	NO	BED(ECD)|BED(P)	BED(ECD)|BED(P)
5779	DPE	BEL3101B	3	1	ENGLISH LANGUAGE TEACHING METHODS	NO	BED(P)|BED(S)	BED(P)|BED(S)
5780	DPE	BLT3101B	3	1	LITERATURE TEACHING METHODS	NO	BED(P)|BED(S)	BED(P)|BED(S)
5781	DPE	BEC3201B	3	2	ART AND MUSIC APPRECIATION IN EARLY CHILDHOOD EDUCATION	NO	BED(P)	BED(P)
5782	DPE	BEC3204B	3	2	ATTACHMENT BEHAVIOUR IN INFANTS	NO	BED(P)	BED(P)
5783	DPE	BEC3205B	3	2	ENVIRONMENTAL EDUCATION	NO	BED(P)	BED(P)
5784	DPE	BEL3201B	3	2	ENGLISH CURRICULUM DESIGN AND DEVELOPMENT	NO	BED(P)|BED(S)	BED(P)|BED(S)
5785	DPE	BLT3202B	3	2	LITERATURE CURRICULUM DESIGN AND DEVELOPMENT	NO	BED(P)|BED(S)	BED(P)|BED(S)
5786	DPE	BLT3203B	3	2	LITERARY STYLISTICS	NO	BAED|BED(P)|BED(S)	BED(P)|BED(S)
5787	DPE	BEC3301B	3	3	WORKING WITH CHILDREN WITH SPECIAL NEEDS	NO	BED(P)	BED(P)
5789	DPE	BEC3303B	3	3	LEGAL STATUS FOR THE YOUNG CHILDREN	NO	BED(P)	BED(P)
5790	DPE	BER3301B	3	3	RESEARCH REPORT	NO	BBEI|BED(P)|BED(S)	BAED|BBEI|BED(ECD)|BED(P)|BED(S)|BEICT
5791	DPE	BLT3301B	3	3	THE ESSAY	NO	BED(P)|BED(S)	BED(P)|BED(S)
5792	DPE	BLT3302B	3	3	THE POETRY	NO	BED(P)	BED(P)|BED(S)
4750	DPLM	ADM1202B	1	2	BUSINESS LAW	NO	BBA|BCOM|BHRM|BPA|BPLM|BSAF|BSM|DBA	|BAED|BBA|BBC|BBM|BCOM|BEM|BHRM|BMF|BPA|BPLM|BSAF|BSDE|BSM
4749	DPLM	FIN1203B	1	2	BUSINESS STATISTICS	NO	BAED|BBA|BCOM|BPLM|BSAF|DAF|DBA	BAED|BBA|BBC|BBM|BCOM|BES|BHRM|BMF|BPLM|BSAF|BSDE|DAF|DBM
5037	MPAM	ADM 5111	1	1	DECENTRALIZATION AND LOCAL GOVERNANCE 	NO	PGDPAM	PGDPAM
5036	MPAM	FIN 5112	1	1	ECONOMICS AND PUBLIC FINANCE 	NO	PGDPAM	PGDPAM
5040	MPAM	FIN 5113	1	1	QUANTITATIVE METHODS IN DECISION MAKING 	NO	PGDPAM	PGDPAM
5035	MPAM	MGT 5111	1	1	PUBLIC POLICY FORMULATION AND MANAGEMENT	NO	PGDPAM	NULL
5039	MPAM	MGT 5114	1	1	RESEARCH METHODS AND TECHNIQUES 	NO	PGDPAM	PGDPAM
5038	MPAM	MIS 5113	1	1	MANAGEMENT INFORMATION SYSTEMS 	NO	PGDPAM	PGDPAM
5034	MPAM	ADM 5121	1	2	RESULTS-ORIENTED MANAGEMENT  	NO	PGDPAM	NULL
5041	MPAM	MGT 5121	1	2	HUMAN RESOURCE MANAGEMENT AND DEVELOPMENT	NO	PGDPAM	NULL
5043	MPAM	MGT 5123	1	2	MANAGEMENT SKILLS IMPROVEMENT	NO	PGDPAM	NULL
5044	MPAM	MGT 5125	1	2	MANAGING NON-GOVERNMENTAL ORGANIZATION  	NO	PGDPAM	NULL
5042	MPAM	MGT 6124	1	2	PROJECT PLANNING AND MANAGEMENT	NO	PGDPAM	NULL
4310	PGD	FIN6122	1	2	CORPORATE FINANCE	NO	MBA	MBA
4307	PGD	FIN6125	1	2	AUDITING AND ASSURANCE	NO	MBA	MBA
4308	PGD	FIN6128	1	2	COMMERCIAL BANKING AND VENTURE CAPITAL	NO	MBA	|MBA
4309	PGD	PRC6123	1	2	CONSUMER BEHAVIOUR AND PRODUCT DEVELOPMENT	NO	MBA	MBA
2072	SWSA	DVS3108B	3	1	HUMAN RESOURCE FOR DEVELOPMENT PRACTITIONERS	NO	BDS	BDS
2072	SWSA	DVS3108B	3	1	WEALTH CREATION AND DEVELOPMENT	NO	BDS	BDS
10892	TEST	AMD3108B	1	1	KISWAHILI FOR SECRETARIAL DUTIES	NO	BSM	|BSM
10930	TEST	BELI1305	1	1	ANALYSIS AND EVALUATION OF LOWER PRIMARY ENGLISH CURRICULUM 	NO	NULL	BED(P)
10956	TEST	BMU3103B	1	1	AFRICAN MUSIC TECHNOLOGY	NO	BED(P)|BED(S)	BED(P)|BED(S)
10889	TEST	BVA2306B	1	1	BLOCK PRINTMAKING	NO	BED(S)	|BED(S)
10929	TEST	CME2101	1	1	 MATHEMATICS III 	NO	NULL	|CMEC
10888	TEST	CME2104	1	1	 ELECTRICAL PRINCIPLES III   	NO	NULL	|CMEC
10897	TEST	FIN6128	1	1	COMMERCIAL BANKING AND VENTURE CAPITAL	NO	MBA	|MBA
10980	TEST	ADM1204B	2	2	COMPUTER APPLICATIONS	NO	BSM	BSM
