prog	yr	sem	subject	codes	the_codes
BAED	2	1	QUANTITATIVE METHODS	3	BEC2102 | ECO2102 | FIN2102B
BAED	2	2	ECONOMICS TEACHING METHODS	3	BEC 2205 | BEC2205 | ECO2205
BAED	2	2	INDUSTRIAL ECONOMICS	3	BEC 2201 | ECO 2204 | ECO2204
BED(S)	3	1	AGRICULTURE AND DEVELOPMENT	3	BGE3102B | BGE3103B | BGE3101
BHRM	1	1	FINANCIAL ACCOUNTING	3	BHRM1105 | FIN1101B | FIN1103B
06503	2	1	HISTORICAL FOUNDATIONS OF EDUCATION	2	BEF 2101 | BEF2101
06503	3	2	CURRICULUM DESIGN DEVELOPMENT AND IMPLEMENTATION	2	BCU 3201 | BCU3201
BAED	1	1	COMPUTER LITERACY	2	BIT1101B | ICT1108B
BAED	1	1	HUMAN GEOGRAPHY	2	BGE1102B | BGE1103
BAED	1	1	INTRODUCTION TO MATHEMATICS AND STATISTICS FOR ECONOMICS	2	BEC1102 | BECI1102
BAED	1	1	UGANDA'S ECONOMY	2	ADM1102 | ADM1102B
BAED	1	2	ELEMENTS OF PROBABILITY AND STATISTICS	2	BME1203 | BMEI1206
BAED	1	2	HISTORY AND CULTURAL HERITAGE OF UGANDA	2	BHC1201 | FND1205B
BAED	1	2	INTRODUCTORY MACRO ECONOMICS	2	BEC1202 | ECO1202
BAED	1	2	PRINCIPLES OF DEVELOPMENT ECONOMICS	2	BEC1201 | ECO1201
BAED	1	2	SOCIOLOGICAL FOUNDATIONS OF EDUCATION	2	BEF 1201 | BEF1201
BAED	2	1	ENTREPRENEURSHIP IN EDUCATION	2	BEP 2101 | BEP2101B
BAED	2	1	HISTORICAL FOUNDATIONS OF EDUCATION	2	BEF 2101 | BEF2101
BAED	2	1	INTRODUCTION TO SCHOOL PRACTICE	2	BSP 2101 | BSP2101
BAED	2	1	MATHEMATICAL ECONOMICS	2	BEC2103 | ECO2103
BAED	2	2	CURRICULUM EVALUATION AND INNOVATION	2	BCU 2203 | BCU2203
BAED	2	2	DEVELOPMENT ECONOMICS	2	BEC2203 | ECO2203
BAED	2	2	ENTREPRENEURSHIP TEACHING METHODS	2	BEP2204B | BPE 2205
BAED	2	2	MACRO ECONOMICS	2	BEC2201 | ECO 2201
BAED	2	2	PRODUCTION AND OPERATIONS MANAGEMENT	2	MGT2203B | MGT2203D
BAED	2	2	URBAN GEOGRAPHY	2	BGE2203 | BGE2203B
BAED	3	1	CHURCH HISTORY OUTSIDE AFRICA	2	BRE3103B | BRE3108
BAED	3	1	ECONOMIC POLICY AND PLANNING	2	BEC3102 | ECO3102
BAED	3	1	RELIGION AND GENDER	2	BRE3101 | BRE3101B
BAED	3	1	THE KIGANDA POETRY	2	BLL3103B | BLL3104
BAED	3	1	THE NEW TESTAMENT EPISTLES	2	BRE3102B | BRE3106
BAED	3	2	CURRICULUM DESIGN DEVELOPMENT AND IMPLEMENTATION	2	BCU 3201 | BCU3201
BAED	3	2	INTERMEDIATE MACRO ECONOMICS	2	BEC3201 | ECO3201
BAED	3	2	RESEARCH REPORT	2	BER3205 | BER3206
BAED	3	2	SPECIAL NEEDS EDUCATION	2	BEF 3201 | BEF3201
BBA	2	1	INTERMEDIATE ACCOUNTING	2	FIN2101B | FIN2101D
BBE	2	3	HUMAN RESOURCE MANAGEMENT	2	BBE2306B | BBEI2306
BBE	2	3	TAXATION MANAGEMENT	2	BBE2302B | BBEI2302
BBE	3	3	ADVANCED ACCOUNTING II	2	BBE3305B | BBEI3306
BBE	3	3	PRODUCTION AND OPERATIONS MANAGEMENT	2	BBE3302B | BBEI3302
BBE	3	3	PROJECT PLANNING AND MANAGEMENT	2	BBE3303B | BBEI3303
BBEI	2	1	LABOUR RELATIONS AND LAW	2	BBE2101B | BBEI2101B
BBEI	2	1	STATISTICS	2	BBEI2105 | BBE2105B
BBEI	2	1	UGANDA'S ECONOMY	2	BBEI2106 | BBE2106B
BBEI	3	3	RESEARCH REPORT	2	BBE3306B | BER3301B
BBM	2	2	COMPANY LAW	2	ADM2206B | BBM2217
BBM	3	1	MANAGERIAL ECONOMICS	2	BBM3102 | FIN3102B
BCE	1	1	COMMUNICATION AND LANGUAGE SKILLS	2	BSC1101 | FND1101B
BCE	1	1	ENGINEERING MATHEMATICS I	2	EMB1101 | ENG1101B
BCE	1	1	STATICS AND DYNAMICS	2	ENG1102B | SDB1101
BCE	1	2	ENGINEERING DRAWING	2	EDB1204 | ENG1204B
BCE	1	2	ENGINEERING MATHEMATICS II	2	EMB1201 | ENG1201B
BCE	2	1	ENGINEERING MATHEMATICS III	2	EMB2101 | ENG2101B
BCE	3	2	COMPUTER PROGRAMMING	2	BCP3204 | ENG3204B
BCE	4	1	PROJECT MANAGEMENT	2	ENG4101B | PMB4101
BCE	4	1	RESEARCH METHODS	2	ENG4105B | RMB4101
BDS	1	1	COMPUTER LITERACY	2	BIT 1101 | ICT1108B
BDS	2	1	POVERTY AND SOCIAL INEQUALITY	2	DVS2105B | DVS2108B
BDS	2	2	INTERNATIONAL RELATIONS AND DIPLOMACY	2	DVS2206B | DVS2213B
BDS	3	1	WEALTH CREATION AND DEVELOPMENT	2	DVS3108B | DVS3107B
BED(S)	1	1	COMPUTER LITERACY	2	BIT1101B | ICT1108B
BED(S)	1	1	EDUCATIONAL RESEARCH	2	BER1105B | BERI1101
BED(S)	1	1	FOUNDATIONS OF CURRICULUM STUDIES	2	BCU1102B | BCUI1101
BED(S)	1	1	PSYCHOLOGICAL FOUNDATIONS OF EDUCATION	2	BEF1106B | BEFI1102
BED(S)	1	1	SOCIOLOGICAL FOUNDATIONS OF EDUCATION	2	BEF1104B | BEFI1104
BED(S)	1	2	CURRICULUM DESIGN AND IMPLEMENTATION	2	BCU1204B | BCUI1204
BED(S)	1	2	EDUCATIONAL GUIDANCE AND COUNSELLING	2	BGC1203 | BGC1203B
BED(S)	1	2	EDUCATIONAL TECHNOLOGY	2	BCU1205B | BCUI1205
BED(S)	1	2	HISTORICAL FOUNDATIONS OF EDUCATION	2	BEF1101 | BEF1203B
BED(S)	1	2	PHILOSOPHICAL FOUNDATIONS OF EDUCATION	2	BEF1202B | BEFI1106
BED(S)	1	2	PROFESSIONAL ETHICS	2	BEE1206B | BEEI1206
BED(S)	2	1	AGRICULTURE EDUCATION I	2	BAG2101B | BAG2102B
BED(S)	2	1	FUNDAMENTALS OF CROP PROTECTION	2	BAG2101B | BAG2102B
BED(S)	2	1	HISTORICAL FOUNDATIONS OF EDUCATION	2	BEF 2101 | BEF2101
BED(S)	2	1	INTRODUCTION TO SCHOOL PRACTICE	2	BSP 2101 | BSP2101
BED(S)	2	1	SYSTEMATIC GEOGRAPHY OF UGANDA	2	BGE2102 | BGE2103B
BED(S)	2	1	UGANDA'S ECONOMY	2	BBE2106B | BBEI2106
BED(S)	2	2	CLIMATOLOGY	2	BGE2201 | BGE2205B
BED(S)	2	2	URBAN GEOGRAPHY	2	BGE2203 | BGE2203B
BED(S)	2	3	GEOMETRICAL CONSTRUCTION	2	BME2302B | BMEI2302
BED(S)	2	3	NATURE SCOPE AND METHODOLOGY	2	BME2301B | BMEI2301
BED(S)	3	1	APPLIED CLIMATOLOGY	2	BGE3101B | BGE3103
BED(S)	3	1	DEVELOPMENT GEOGRAPHY OF EUROPE AND ASIA	2	BGE3103B | BGE3107
BEICT	1	1	FINANCIAL ACCOUNTING	2	BBM1105 | FIN1101B
BEICT	1	1	HUMAN GEOGRAPHY	2	BGE1102B | BGE1103
BEICT	1	1	PRINCIPLES OF PROGRAMMING	2	BIT1204 | ICT1101B
BEICT	1	1	UGANDA'S ECONOMY	2	ADM1102 | ADM1102B
BEICT	1	2	PRINCIPLES OF DEVELOPMENT ECONOMICS	2	BEC1201 | ECO1201
BEICT	1	2	SOCIOLOGICAL FOUNDATIONS OF EDUCATION	2	BEF 1201 | BEF1201
BEICT	1	2	SYSTEM ADMINISTRATION	2	ICT1202C | ICT1204B
BEICT	2	1	ENTREPRENEURSHIP IN EDUCATION	2	BEP 2101 | BEP2101B
BEICT	2	1	HISTORICAL FOUNDATIONS OF EDUCATION	2	BEF 2101 | BEF2101
BEICT	2	1	INTRODUCTION TO SCHOOL PRACTICE	2	BSP 2101 | BSP2101
BEICT	2	1	PHILOSOPHICAL FOUNDATIONS OF EDUCATION	2	BEF 2102 | BEF2102
BEICT	2	2	COMPUTER TEACHING METHODS	2	BIT2201B | ICT2115B
BEICT	2	2	ECONOMICS TEACHING METHODS	2	BEC2205 | ECO2205
BEICT	2	2	INDUSTRIAL ECONOMICS	2	BEC 2201 | ECO 2204
BEICT	2	2	MACRO ECONOMICS	2	BEC2201 | ECO 2201
BEICT	3	1	AGRICULTURE AND DEVELOPMENT	2	BGE3101 | BGE3102B
BEICT	3	1	ECONOMIC POLICY AND PLANNING	2	BEC3102 | ECO3102
BEICT	3	2	INTERMEDIATE MACRO ECONOMICS	2	BEC3201 | ECO3201
BEICT	3	2	INTERNATIONAL ECONOMICS	2	BES3211 | ECO3204
BEICT	3	2	RESEARCH REPORT	2	BER3205 | BER3206
BHRM	1	1	COMPUTER LITERACY	2	BIT 1101 | ICT1108B
BHRM	1	2	HISTORY AND CULTURAL HERITAGE OF UGANDA	2	BHC1201 | FND1205B
BHRM	2	2	PRODUCTION AND OPERATIONS MANAGEMENT	2	BHRM2202 | MGT2203B
BHRM	3	1	CUSTOMER CARE AND PUBLIC RELATIONS	2	BHRM3103 | MGT3102B
BHRM	3	1	LABOUR ECONOMICS	2	BHRM3112 | FIN3101B
BHRM	3	1	LABOUR LAW	2	ADM3104B | BHRM3111
BHRM	3	2	RESEARCH PROJECT REPORT	2	BHRM3206 | MGT3202B
BHRM	3	2	STRATEGIC HUMAN RESOURCE MANAGEMENT	2	BHRM3210 | MGT3206B
BIFA	3	2	ART RESEARCH REPORT	2	FAD3212B | FAD3213
BMC	3	2	INTERNATIONAL RELATIONS AND DIPLOMACY	2	DVS2206B | MSC3209B
BPLM	1	1	FINANCIAL ACCOUNTING	2	FIN1101B | FIN1103B
BPLM	1	1	MICRO ECONOMICS	2	FIN1102B | FIN1107B
DAD	1	1	INTRODUCTION TO PAINTING & STUDIO TECHNOLOGY	2	FAD1103B | FAD1103D
DAF	1	1	FINANCIAL ACCOUNTING	2	FIN1101B | FIN1101D
DBA	1	1	PRINCIPLES OF BUSINESS MANAGEMENT	2	MGT1101B | MGT1101D
DCE	1	1	COMPUTER LITERACY	2	ICT1108B | ICT1108D
DCE	1	2	INDUSTRIAL TRAINING I	2	DC1212 | ENG1212D
DCE	2	2	INDUSTRIAL TRAINING II	2	DC2212 | ENG2213D
decd	2	1	CHILDREN'S PLAY AND DEVELOPMENT	2	DEC2103D | DECD2102
DHRM	1	1	PRINCIPLES OF ACCOUNTING	2	FIN 1103D | FIN1103D
DJ	1	1	MEDIA HISTORY AND ISSUES	2	MSC1103D | MSC1113D
DJ	1	2	INTRODUCTION TO PHOTO JOURNALISM	2	MSC1203D | MSC1213D
DJ	1	2	INTRODUCTION TO PUBLIC RELATIONS	2	MSC1204D | MSC1214D
DJ	1	2	MASS MEDIA AND SOCIETY	2	MSC1201D | MSC1211D
DPA	1	1	PRINCIPLES OF ACCOUNTING	2	FIN 1103D | FIN1103D
DPE	1	1	COMPUTER LITERACY	2	BIT1101B | DIT1101D
DPE	2	1	THE SHORT STORY	2	BLT2101B | DEL2101D
DPE	2	2	THE RECEPTIVE SKILLS OF COMMUNICATION	2	BEL2203B | DEL2202D
DPE	2	3	THE NOVEL	2	BLT2301B | DEL2301D
DPLM	1	2	BUSINESS STATISTICS	2	FIN1203B | FIN1203D
SWSA	1	1	COMMUNICATION AND LANGUAGE SKILLS	2	BCS 1101 | FND1101B
SWSA	1	1	INTRODUCTORY ECONOMICS	2	DVS1103B | DVS1103D
SWSA	1	2	HISTORY AND CULTURAL HERITAGE OF UGANDA	2	BHC1201 | FND1205B
