course_code,recovered_name,credit_units
 BIT1102,COMPUTER LITERACY,NULL
 DTH1101,TOURISM CONCEPTS AND PRINCIPLES,3
1103,INFORMATION SYSTEM,3
12,,3
1201,HISTORY AND  CULTURAL HERITAGE,4
13,,3
13.0,,3
1CT3103B,PROJECT PLANNING AND MANAGEMENT,3
21,,3
21.0,,3
22,,3
2202,PATTERN MAKING,3
2210,BUSINESS KNOWLEDGE AND ENTERPRENUERSHIP,3
23,,3
31,,3
3105,ADVERTISING DESIGN,3
3131,STRATEGIC MANAGEMENT,3
32,,3
33,,3
ACAD1101,HISTORY OF ART APPRICIATIONS ,3
ACAD1102,INTRODUCTION TO DRAWING ,3
ACAD1103,INTRODUCTION TO PAINTING   ,3
ACAD1104,GRAPHIC DESIGNING  ,3
ACAD1105,INTRODUCTION TO TEXTILES ,3
ACBA1113,BUSINESS COMMUNICATION SKILLS,3
ACBA1200,HISTORY AND CULTURE HERITAGE,3
ACSS1105,ELEMENTARY SHORTHAND,3
ADM3106B,TYPE WRITING IIIA& COMPUTER OPERATIONS,3
ADM3109B,UGANDA'S ECONOMY,3
ADM3205B,CORPORATE SECRETARIAL PRACTICE,3
ADM3210B,RURAL AND COMMUNITY DEVELOPMENT,4
ADM3213B,LEADERSHIP SKILLS DEVELOPEMENT ,3
ADM3219B,COMPARATIVE LOCAL GOVERNMENT ADMINISTRATION ,3
AGI1202,FOOD PROCESSING AND STORAGE,3
ART1101,ART EDUCATION,3
ART3104,ART EDUCATION ,3
BAD E221,WEAVING AND STUDIO TECHNOLOGY,3
BADE,FASHION AND DESIGN AND STUDIO TECHNOLOGY,3
BADI2104,MARKETING AND MANAGEMENT ,3
BADI2105,POTERY & SCRULPTURE STUDIO TECHNOLOGY,2
BADI2203,FABRIC DECORATION AND STUDIO TECHNOLOGY,2
BADI2204,PRINTING AND STUDIO TECHNOLOGY,2
BADI2301,DRAWING & STUDIO TECHNOLOGY,2
BAG1308,Soil Science,3
BAG2302,ANIMAL PRODUCTS,2
BAG2303,ANIMAL PRODUCTS,3
BAGI1102,AGRICULTURAL MECHANISATION,2
BAGI3307,ANIMAL PHYSIOLOGY AND NUTRITION,3
BBE2208,INTERMEDIATE ACCOUNTING ,2
BBE3305,ADVANCED ACCOUNTING II,2
BBEI1207,SPECIFIC METHODS OF TEACHING BUSINESS EDUCATION,2
BBEI1208,RESEARCH PROJECT,2
BBEI3107,INTERMEDIATE ACCOUNTING,3
BBM 1201,INFORMATION TECHNOLOGY I,3
BBM 2103,RESEARCH METHODS OF BUSINESS ,3
BBM 2208,SOCIOLOGICAL ISSUES AND CONCEPTS,3
BBM 2217,COMPANY LAW,3
BBM 3216,RETAIL MARKETING,3
BBM2118,MANAGEMENT ACCOUNTING,3
BBM2120,PROCUREMENT ENVIRONMENT,3
BBM2121,PROCUREMENT OPERATIONS,3
BBM2124,INTRODUCTION SUPPLY CHAIN,3
BBSI1103,ANALYSIS AND EVALUATION,3
BC1202,ENGINEERING DRAWING II,3
BCD2203,PLAY IN THE LIVES OF THE YOUNG,3
BCD2205,ART AND MUSIC APPRECIATION IN ECE,3
BCD3107,ANATOMY AND PHYSIOLOGY OF THE CHILD,3
BCD3203,DISSERTATION AND RESEARCH REPORT,3
BCE,BACHELOR OF CIVIL ENGINEERING,3
BCE220,CONSTRUCTION TECHNOLOGY II,3
BCE2201,ENGINEERING MATHEMATICS IV,2
BCE31011,QUANTITY SURVEYING II,4
BCE31012,GROUP PROJECT,3
BCIT1107,INTRODUCTION TO COMPUTER LITERACY ,3
BCL4202,CONSTRUCTION LAW,4
BCM1103,CONSTRUCTION MATERIALS ,3
BCM1104,THEORIES OF MASS COMMUNICATION,3
BCOM3113,EMPLOYEE TRAINING AND DEVELOPMENT,3
BCS1102,INTRODUCTION TO ELECTRONICS,3
BCS1103,ENGLISH FOR BUSINESS,3
BCS1107,BUSINESS COMMUNICATION SKILLS,3
BCS1202,ELECTRICITY AND MAGNETISM ,4
BCS2203,CONSTRUCTION SURVEYING II,3
BCS2207,SECURING OPERATING SYSTEM & WEB INTERFACES ,4
BCT1205,CONCRETE TECHNOLOGY,4
BCT2105,CONSTRUCTION TECHNOLOGY I,4
BDC1204,BUSINESS LAW,3
BDM2223,TAXATION MANAGEMENT,3
BDS 1104,THE POLITICAL ECONOMY ,3
BE2204,COMPUTER PROGRAMING,4
BE3103,ELECTRICAL ENGINEERING MATERIAL,3
BE3205,ELECTRICAL ENGINEERING GROUP PROJECT,4
BEC 3201,METHODOLOGY OF ENTREPRENEURSHIP II,3
BECD 3203,ADMINISTRATION AND MANAGEMENT,3
BECD 3204,DISSERTATION AND RESEARCH REPORT,3
BECD3301,CULTURAL DIVERSITY IN EARLY CHILDHOOD PROGRAMMES,3
BECE1305,CONTEMPORARY ECE ; A COMPARATIVE STUDY,2
BECE1306,DISCOVERY AND PHYSICAL WORLD,2
BECE2105,SWAHILI LANGUAGE I,2
BECE2206,SWAHILI LANGUAGE II,2
BECE3304,FIELD EXPERINCE (SCHOOL PRACTICE),2
BECE3305,FEILD EXPERIENCE (SCHOOL PRACTICE),2
BECI1103,MACRO ECONOMICS,3
BECI1201,PRINCIPLES OF SCOPE OF DEVELOPMENT ECONOMICS,2
BECI1202,MACROECONOMICS,2
BECI1304,EDUCATIONAL TECHNOLOGY IN EARLY CHILD DEVELOPMENT,2
BECI2104,ENTREPRENEURSHIP BOOK KEEPING ,2
BECI2106,MULTICULTURAL PERSPECTIVES IN CHILDHOOD DEVELOPMENT EDUCATION,2
BECI2305,SPECIAL NEEDS EDUCATION IN EARLY CHILDHOOD DEVELOPMENT,3
BECI2309,INFANT AND TODDLER CARE,3
BED1204,ENGINEERING DRAWING,4
BEE1106,MECHANICAL ENGINEERING TECHNOLOGY(STATICS & DYNAMICS),3
BEE2101B,PROFESSIONAL ETHICS,2
BEE220,PROFESSIONAL ETHICS FOR TEACHERS,2
BEE2301,INDUSTRIAL TRAINING I,NULL
BEE4107,INDIVIDUAL PROJECT I,4
BEEI2108,PROFESSIONAL ETHICS IN EDUCATION,3
BEEI2109,PROFESSIONAL ETHICS IN EDUCATION,3
BEF 1206,CONTEMPORARY PRIMARY EDUCATION,3
BEF1206,CONTEMPORY EDUCATION,3
BEF1210,ASSESSMENT AND EVALUATION ,3
BEFI106,PSYCHOLOGICAL FOUNDATION OF EDUCATION,3
BEFI1108,HISTORICAL FOUNDATIONS OF EDUCATION,3
BEFI1303,RESARCH METHODOLOGY,3
BEFI2301,DISABILITIES IN CHILDREN AND THEIR MANAGEMENT IN EDUCATIONAL SETTING,3
BEG2104,ENGINEERING GEOLOGY,4
BEICT,management Information System,3
BEICT110,INFORMATION SYSTEM,3
BEICT210,COMPUTER REPAIR AND MAINTENANCE,3
BEL1103,ENGLISH PHONETICS AND PHONOLOGY,2
BEL1104,ANALYSIS AND EVALUATION OF LOWER PRIMARY ENGLISH CURRICULUM (P1 - P4),1
BEL3206B,AFRICAN  LITERATURE,3
BEL3207,ENGLISH STYLISTICS,3
BELI1105,LISTENING AND SPEAKING,2
BELI1106,Teaching Thermorphology of English,3
BELI1203,THEORIES OF LANGUAGE AND LANGUAGE TEACHING/LEARNING,2
BELI1204,SOCIOLOGUISTICS IN LANGUAGE TEACHING/LEARING,1
BELI1304,LANGUAGE ANALYSIS AND SYNTAX,3
BELI2108,INSTRUCTIONAL MODES AND RESOURCES IN ENGLISH LANGUAGE,2
BELI3203,THE STRUCTURE OF THE ENGLISH SENTENCE,3
BELI3204,LITERATURE INSTRUCTIONAL MATERIAL PRODUCTION,2
BEM1201,ENGINEERING MATHEMATICS II,3
BEM2204B,STATISTICAL INFERENCE I,3
BEM3108,ORGANISING  FRO INNOVATIVE PRODUCT DEVELOPMENT,3
BEMI1107,INTRODUCTION TO EDUCATIONAL MEASUREMENT AND EVALUATION,2
BEMI1301,TEACHING OF OPERATION ON NUMBERS,2
BEMI2102,GEOMETRY/GEOMETRIC CONTRUCTION,2
BEMI2103,TEACHING OF SETS NUMERATION SYSTEM AND PLACE VALUE IN UPPER PRIMARY,2
BEMI2201,Numerical Analysis,2
BEMI2202,Abstract Algebra,2
BEMI2203,Complex Variables,3
BEMI2302,CEOMETRICAL CONSTRUCTION,3
BEP,PRINCIPLE OF MARKETING,3
BEP3205,RESOURCE MOBILIZATION  ,3
BER3301,RESEARCH REPORT ,3
BERI1201,RESEARCH METHODOLOGY,3
BES2108,ECONOMIC POLICY AND PLANNING,3
BFA1105,INTRODUCTION TO TEXTILES & STUDIO TECHNOLOGY (FABRIC DESIGN, WEAVING & FASHION),4
BFA1205,INTRODUCTION TO MULTIMEDIA CRAFTS & STUDIO TECHNOLOGY,4
BFA1206,TECHNICAL DRAWING,3
BFA1207,EXHIBITION & TECHNIQUES,5
BFA2105,PRINTING & STUDIO TECHNOLOGY,3
BFA2107,DESIGN PRACTCE IN CERAMICS,3
BFA2108,WEAVING & STUDIO TECHNOLOGY ,3
BFA2109,FASHION DRAWING AND ILLUSTRATION,3
BFA2110,MULTIMEDIA CRAFTS & STUDIO TECHNOLOGY,3
BFA3108,CERAMICS V,3
BFA3210,WEAVING,3
BFA3304,EXHIBITION,2
BGCI2301,INTRODUCTION TO GUIDANCE AND COUNSELLING,3
BGE13105,RESOURCE AND DEVELOPMENT,3
BGEI1201,FIELD AND LABORATORY TECHNIQUES IN GEOGRAPHY,2
BGEI1202,EAST AFRICAN GEOGRPAHY,2
BGEI1203,PRACTICAL GEOGRAPHY,3
BGEI2205,GEOGRAPHY RESEARCH METHODS,2
BGEI2206,GEOGRAHPY RESEARCH METHODS,2
BGEI2305,PRINCIPLES OF RESOURCE AND DEVELOPMENT,3
BGEI3104,DEVELOPMENT GEOGRAPHY OF EUROPE AND ASIA,3
BGP3201,TEAM WORK DESIGN PROJECT,4
BGT2204,GEO TECHNICAL ENGINEERING I,4
BGT3104,GEO TECHNICAL ENGINEERING II,4
BHC1208,HISTORY AND CULTURE HERITAGE,NULL
BHI 1102,THEMES IN EAST AFRICAN HISTORY  FROM 1500 - 1871,3
BHI2206,IMPERIALISM IN THE THIRD WORLD FROM MERCANTILE ERA,3
BHII2207,HISTORY OF POLITICAL THOUGHT AND IDEAS,3
BHL,HUMAN LEARNING/GROWTH AND COGNITION/DEVELOPMENT,3
BHW3105,HIGHWAY ENGINEERING,4
BHY3101,HYDROLOGY I,4
BIFA1109,INTRODUCTION TEXTILE AND TECHNOLOGY ,4
BIFA2114,WEAVING AND STUDIO TECHNOLOGY,3
BIFA2301,RESEARCH METHODS,3
BIFA3106,PRINTMAKING ,3
BIFA3117,FABRIC DESIGN AND STUDIO TECHNOLOGY,3
BIS3100,MODELING AND SIMULATION,3
BIS3103,DATABASE MANAGEMENT SYSTEMS,3
BIT 1101B,COMPUTER LITERACY,2
BIT 1207,CLASSIFICATION (THEORY AND PRACTICE),4
BIT 1208,OBJECT ORIENTED PROGRAMMING (ADVANCED JAVA),3
BIT210,LINUX,3
BIT2112,MOBILE APPLICATION,3
BIT2208,JAVA SCRIPT,3
BIT3200,BUSINESS INTELLIGENCE AND DATA WAREHOUSING,3
BKE1101,KISWAHILI ACQUISITION MASTERY,NULL
BKL1201B,KISWAHILI ACQUISITION AND LANGUAGE MASTERY,3
BKL1202B,HISTOTICAL DEVELOPMENT OF KISWAHILI,3
BKL1203B,SHORT STORY IN KISWAHILI LITERATURE,3
BKL1301B,KISWAHILI GENERAL WRITING AND EDITING,3
BKL1302B,CLASSICAL AND CONTEMPORARY POETRY,3
BKL1303B,KISWAHILI STRUCTURE,3
BKL2101B,CURRENT DEVELOPMENT OF KISWAHILI,3
BKL2102B,KISWAHILI LANGUAGE DEVELPOMENT(READING AND WRTING SKILLS),3
BKL2103B,KISWAHILI PHONETICS,3
BKL2104B,STANDARDIZATION OF KISWAHILI,3
BKL2201B,METHODOLOGY OF TEACHING KISWAHILI LANGUAGE,3
BKL2202B,CONTEMPORARY KISWAHILI NOVEL AND PLAY,3
BKL2203B,KISWAHILI POLICY AND PLANNING,3
BKL2204B,KISWAHILI ORTHOGRAPHY ABD LEXICOGRAPHY,3
BKL2301B,KISWAHILI ORAL LITERATURE,3
BKL2302B,KISWAHILI POETRY,3
BKL3101B,SINTAKSIA (KISWAHILI SYNTAX),3
BKL3102B,CONTEMPORARY KISWAHILI LITERATURE,3
BKL3201B,THEORIES OF LITERARY CRITICISM,3
BKL3202B,KISWAHILI MORPHOLOGY,3
BKL3301B,KISWAHILI SOCIOLINGUISTICS,3
BKL3302B,KISWAHILI TRANSLATION,3
BKL3303B,KISWAHILI SYNTAX,3
BLIS1105,BASIC ACCOUNTING,3
BLIS2108,COMMUNITY INFORMATION SYSTEMS,3
BLL1103,INTRODUCTION TO SEGMENTAL PHONOLOGY,3
BLL1105,PRINCIPLES OF TRANSILATION  IN LUGANDA ,3
BLLI3203,RESEARCH PROJECT IN LUGANDA,2
BLS 3225,DISSERTATION WRITING ,3
BLS2106,DOCUMENTATION WORKS AND SERVICES,3
BLS2107,EDITING,3
BLS2111,DOCUMENT CLASSIFICATION I,3
BLS2112,DOCUMENT CATALOUGING I,3
BLS2113,ANALYSIS OF INFORMATION SYSTEMS,3
BLS2116,DOCUMENTATION WORK AND SERVICES,3
BLS2117,EDITING,3
BLS2201,INTRODUCTION TO PHYSCOLOGY,3
BLS2206,ENTREPRENEURSHIP ,4
BLS3123,PRESERVATION AND CONSERVATION OF RESOURCES,4
BLS3124,LIBRARY OPERATIONS AND ROUTINE,3
BLTI1101,INTRODUCTION TO LITERATURE,2
BLTI1201,ORAL LITERATURE,2
BLTI1303,INTRODUCTION TO POETRY,3
BLTI2103,AFRICAN POETRY,3
BM1101D,PRINCIPLES OF ACCOUNTING,3
BM2202,BUSINESS ETHICS,3
BMA1104,EDUCATIONAL MANAGEMENT AND ADMINISTRATION ,3
BMA12301,ESSETIALS OF EDUCATIONAL MANAGEMENT AND ADMINISTRATION,3
BMAI1105,EDUCATIONAL MANAGEMENT AND ADMINISTRATION,3
BMC 1204,WRITING FOR THE MEDIA,3
BMC 2110,PUBLIC INFORMATION PROGRAMME,3
BMC1210,INTRONTRODUCTION TO PUBLIC RELATIONS,3
BMC2210,INTERNSHIP,3
BMC3212,PUBLIC RELATIONS PRODUCTION AND MEDIA PRACTICE,3
BME210,Probability Theory,3
BME2105,CLASSICAL MECHANICS,3
BME2203B,REAL ANALYSIS II,3
BME2211,CLASSICAL MECHANICS 1,3
BME2212,VECTOR ANALYSIS,3
BME3208,CLASSICAL MECHANICS 11,3
BME3301,BUSINESS MATHEMATICS,3
BME3304B,BUSINESS MATHEMATICS,3
BMEI1101,ELEMENTS OF SETS AND LOGIC,2
BMEI1102,DEFFERENTIAL CALCULUS,2
BMEI1105,LINEAR ALGEBRA I,2
BMEI1201,CALCULUS II,2
BMEI1202,LINEAR ALGEBRA II,2
BMEI1203,LINEAR PROGRAMMING,2
BMEI1204,INTEGRA CALCULUS ,2
BMEI2107,REAL ANALYSIS I,2
BMEI2205,INTRODUCTION TO EDUCATIONAL MEASUREMENT AND EVALUATION,3
BMEI2209,Complex Numbers,3
BMEI2303,ANALYSIS AND EVALUATION OF UPPER PRIMARY MATHEMATICS,2
BMEI2307,PRIMARY SOCCER ,3
BMEI303,REAL ANALYSIS I,3
BMEI3107,FUNCTIONAL ANALYSIS,3
BMF 2205,INTERNAL CONTROLS IN MICROFINANCE,3
BMM,ABASIC ACCOUNTING,3
BMM1210,BUSINESS LAW,3
BMM2119,BUSINESS LAW,3
BMM2210,BUSINESS RESEARCH METHODS ,3
BMM3101,STRATEGIC MANAGEMENT ,3
BMUI2306,ASSESSEMENT OF IN PRIMARY PERFORMING SYLLABUS,2
BMUI3312,WESTERN MUSIC TECHNOLOGY ,3
BNUI1102,INTRODUCTION TO MUSIC APPRCIATION AND LITERATURE,2
BPA 1206,PUBLIC FINANCIAL MANAGEMENT,3
BPA 3202,HUMAN RIGHTS AND DEMOCRACY,3
BPA2108,FUNDAMENTALS OF POLITICAL SCIENCE,3
BPE2103,PRINCIPLES OF ELECTRONICS ENGINEERING,4
BPE3206,PUBLIC HEALTH AND ENVIRONMENTAL ENGINEERING ,4
BPE4102,PUBLIC HEALTH AND ENVIRONMENTAL ENGINEERING II,4
BPEI1102,HISTORY AND PHILOSOPY OF PE AND SPORTS,1
BPEI1103,PE/SPORTS ADMINISTRATION,1
BPEI1104,ATHLETICS I,1
BPEI1105,SOCCER I,1
BPEI1106,NETBALL I,1
BPEI1107,SWIMMING I,1
BPEI1201,INTRODUCTION TO SPORTS PHSYCHOLOGY,1
BPEI1202,INTRODUCTION TO SPORTS SOCIOLOGY,1
BPEI1204,VOLLEYBALL II,1
BPEI1205,BASKETBALL II,1
BPEI1206,GAMES IN PRIMARY AND LOWER SECONDARY SCHOOLS,1
BPEI2205,MEASUREMENT, ASSESSMENT AND AVALUATION IN P.E/SPORTS,2
BPEM3206,RESEARCH PROJECT REPORT,3
BPLM3107,INTERMEDIATE MICROECONOMICS,3
BPLM3111,LABOUR ECONOMICS,3
BPM4103,PROJECT MANAGEMENT,4
BPPM2101,PROJECT PLANNING AND MANAGEMENT,3
BPRM1103,COMPUTER LITERACY,3
BPRM2107,PUBLIC RELATIONS PUBLISHING AND EDIT,3
BPS1101,HUMAN BIOLOGY,2
BPS1102,PLANT ANATOMY,2
BPS1104,DISCRIPTIVE STATISTICS,2
BPS1105,HISTORY AND PHILOSOPHY OF INTERGRATED SCIENCE,2
BPS1106,ANALYSIS AND EVALUATION OF SCIENCE CURRICULUM,1
BPS1204,PHYSICAL PROPERTIES OF MATERIALS,3
BPSI1101,HUMAN BIOLOGY,2
BPSI1102,PLANT ANATOMY,2
BPSI1103,MATTER AND ENERGY,2
BPSI1104,DESCRIPTIVE STATISTICS,2
BPSI1105,HISTORY AND PHILOSOPHY OF INTEGRATED SCIENCE,2
BPSI1106,ANALYSIS AND EVALUATION OF PRIMARY SCIENCE CURRICULUM (P 1 - P 2),1
BPSI1201,ANIMAL PHYSIOLOGY,2
BPSI1202,ACIDS, BASES AND ALKALIS,2
BPSI1203,ATOMIC STRUCTURE AND STATES OF MATTER,2
BPSI1204,PHYSICAL PROPERTIES OF MATERIALS,3
BPSI1205,RAW MATERIALS AND CHEMICAL PRODUCTS,2
BPSI1206,INTRODUCTION TO MACHINES,2
BPSI1207,HOW CHILDREN LEARN SCIENCE,1
BPSI1208,SCIENCE IN OTHER SUBJECTS,1
BPSI1209,Environmental Science,3
BPSI1210,Instructional Modes and Resources in Primary Science Education,3
BPSI1211,Analysis and Evaluation of Primary Curriculum P 3 - P 4,3
BPSI1304,ENVIRONMENTAL PRIMARY SCIENCE,2
BPSI1306,INSTRUCTIONAL MODES AND RESOURCES IN PRIMARY SCIENCE AND EDUCATION,2
BPSI2105,NUTRITION IN MAN,2
BPSI2106,THE TEACHING OF HUMAN BODY HUMAN HEALTH, POPULATION AND FAMILY LIFE,2
BPSI2207,REPRODUCTION,2
BPSI3306,SCIENCE AND TECHNOLOGY EDUCATION ,3
BQS3102,QUANTITY SURVEYING,3
BRE1106,CHRISTIAN ETHICS,3
BRE1204B,BIBLICAL LAW AND HISTORICAL BOOKS,3
BRE1302,CHURCH HISTORY,3
BRE2107,HADITH AND FIQH,3
BREI1103,ANALYSIS AND EVALUATION OF UPPER PRIMARY CHRISTIAN RELIGIOUS EDUCATION CURRICULUM (P 1 - P 4),1
BREI1104,ANALYASIS AND EVALUATION OF LOWER PRIMARY ISLAMIC RELIGIOUS EDUCATION CURRICULUM (P1 - P4),1
BREI1203,ANALYSIS AND EVALUATION OF UPPER PRIMARY CHRISTIAN RELIGIOUS EDUCATION CURRICULUM (P5 - P7),1
BREI1204,ANALYSIS AND EVALUATION OF UPPER PRIMARY ISLAMIC RELIGIOUS EDUCATION CURRICULUM (P5 - P7),1
BREI2107,STRUCTURE OF THE QULAN,2
BRM4104,RESEARCH METHODS,3
BSA2102,STRUCTURAL ANALYSIS I,3
BSA2103,CONSTRUCTION SURVEYING I,3
BSA2202,STRUCTURAL ANALYSIS II,3
BSD1102,STATICS AND DYNAMICS,4
BSE 2201,FORMAL METHODS,4
BSE1104,SOCIETY AND ENGINEERING ,3
BSE2109,MODELLING INFORMATION SYSTEMS,3
BSE2204,REAL TIME AND EMBEDDED SYSTEM ,4
BSE3105,Research Project Report,3
BSED,BACHELOR OF SCIENCE WITH EDUCATION  ,3
BSK1101,KISWAHILI AQUISITION AND MASTERY,3
BSM1202,STRENGTH OF MATERIALS,3
BSS1101,WORLD REGIONS AND MAN'S SETTLEMENT,3
BSS1102,POPULATION, ENVIRONMENT AND DEVELOPMENT,2
BSS1103,ANALYSIS AND EVALUATION OF LOWER PRIMARY S.S.T,1
BSS1106,KEYBOARD SKILLS AND COMPUTER OPERATIONS ,3
BSS1107,BASIC KISWAHILI COMMUNICATION SKILLS,3
BSSI1210,EVOLUTION OF SOCIETIES AND HERITAGES IN UGANDA,3
BSSI2204,ASIA, POPULATION, RESURCES AND DEVELOPMENT,2
BSSI2305,MAP, PHOT AND FIELD,2
BTE4203,TRAFFIC AND TRANSPORTATION ENGINEERING,3
BTHM1206,TOURISM MARKETING AND DESTINATION PROMOTION,3
BTHM2108,GEOGRAPHICAL INFORMATION SYSTEM,4
BTHM2204,GEOGRAPHICAL INFORMATION SYSTEM APPLICATION IN TOURISM (GIS),3
BTI1301,CONCRETE TECHNOLOGY,3
BVA 1103,Introduction to Drawing&amp; Studio  Technology,3
BVA 2202,ART EDUCATION,3
BVA1103,DRAWING & STUDIO TECHNOLOGY I,3
BVA1205,FASHION DESIGN ,3
BVA1209,INTRODUCTION TO SCULPTURE & STUDIO TECHNOLOGY,3
BVA1212,INTRODUCTION TO CERAMICS & STUDIO TECHNOLOGY ,3
BVA2201,PRACTICAL PROJECT (Prototype design),3
BVA2204,GRAPHIC (Typography and Illustration),3
BVA2207,FABRIC DECORATION (Multi-media),3
BVA2209,MONUMENT SCULPTURE,3
BVA2210,WEAVING (RUG),3
BVA2211,MULTI-MEDIA CRAFTS (Environment),3
BVA2212,CERAMICS (Kilns and Glazes),3
BVA3201,PRACTICAL PROJECT (product),3
BVA3202,ADVANCED DRAWING (Signature),3
BVA3204,GRAPHICS (Visual Communication),3
BVA3205,WEAVING (designs for woven structures),3
BVA3206,PRINTMAKING AND THE ENVIRNMENT,3
BVA3208,SCULPTURE (Prototypes),3
BVA3210,PRACTICAL PROJECT (PRODUCT),3
BVA3211,MULTI-MEDIA CRAFTS (Mobile toys),3
BVA3212,CERAMICS (Mass production),3
BVAI1301,HISTORY AND ART APPRECIATION,2
BVAI1303,WATER-COLOUR PAINTING AND STUDIO TECHNOLOGY,2
BVAI1306,SCREEN PRINTING I,2
BVAI1310,CERAMICS (CLAY I),2
BVAI1311,WEAVING (SPINNING AND DYEING YARN),2
BVAI1312,MULTIMEDIA CRAFTS (TECHNIQUES),2
BVAI2101,DRAWING I (ANATOMY),2
BVAI2102,PRACTICAL PROJECT I (PROPOSAL WRITING),3
BVAI2104,COLOUR PAINTING,2
BVAI2105,GRAPHICS I (TYPOGRAPHY AND ILLUSTRATION),2
BVAI2106,SCREEN PRINTING II,2
BVAI2107,FABRIC DECORATION I (MULTI-MEDIA),2
BVAI2109,MATERIALS FOR SCULPTURE II,2
BVAI2110,CERAMICS (CLAY II),2
BVAI2111,WEAVING,2
BVAI2112,MULTIMEDIA CRAFTS (ENVIRONMENT),2
BVAI2201,DRAWING II (ANATOMY),2
BVAI2202,PRACTICAL PROJECT II (PROPOSAL WRITING),3
BVAI2205,GRAPHICS II (TYPOGRAPHY AND ILLUSTRATION),2
BVAI2206,BLOCK PRINTING I,2
BVAI2207,FABRIC DECORATION II (MULTI-MEDIA),2
BVAI2209,MONUMENTAL SCULPTURE,2
BVAI2210,CERAMICS (KILNS AND GLAZES),2
BVAI2211,WEAVING (RUG),2
BVAI2212,MULTIMEDIA,2
BVAI2301,HISTORY AND APPRECIATION OF ART,3
BVAI2302,DRAWING V (SIMPLIFICATION AND DISTORTION),2
BVAI2303,PRACTICAL PROJECT (PROJECT AND REPORT),3
BVAI2304,PAINTING(LARGE FORMAT),2
BVAI2305,ADVERTISING GRAPHICS,2
BVAI2306,BLOCK PRINTMAKING,2
BVAI2307,FABRIC DESIGN I,2
BVAI2309,SCULPTURE (ADVANCED),2
BVAI2310,CERAMICS I (INDUSTRIAL),2
BVAI2311,WEAVING I (INTERLACING),2
BVAI2312,MULTIMEDIA CRAFTS (LEATHER),2
BVAI3101,ADVANCED DRAWING I (SIGNATURE),2
BVAI3102,PRACTICAL PROJECT(FINISHED PRODUCT AND PROPOSAL),3
BVAI3104,ADVANCED OIL PAINTING I,2
BVAI3105,GRAPHICS I (VISUAL COMMUNICATION),2
BVAI3106,BLOCK PRINTING II,2
BVAI3107,FABRIC DESIGN II,2
BVAI3109,ENVIRONMENT AND SCULPTURE,2
BVAI3110,CERAMICS II (INDUSTRIAL),2
BVAI3201,ADVANCED DRAWING II (SIGNATURE),2
BVAI3204,ADVANCED OIL,2
BVAI3205,PAINTING GRAPHICS (VISUAL COMMUNICATION),2
BVAI3206,PRINTMAKING AND THE ENVIRONMENT I,2
BVAI3207,FABRIC DESIGN I (MASS PRODUCTION),2
BVAI3209,SCULPTURE (PROTOTYPES),2
BVAI3210,CERAMICS I (MASS PRODUCTION),2
BVAI3211,WEAVING I (DESIGNS FOR WOVEN STRUCTURES),2
BVAI3212,MULTIMEDIA CRAFTS I (MOBILE TOYS),2
BVAI3301,HISTORY AND APPRECIATION,3
BVAI3302,DRAWING ,3
BVAI3304,ADVANCED OIL PAINTING II,2
BVAI3305,GRAPHICS (Visual Communication),3
BVAI3306,PRINTMAKING AND THE ENVIRONMENT II,2
BVAI3307,FABRIC DESIGN II (MASS PRODUCTION),2
BVAI3310,CERAMICS (Mass Production),3
BVAI3312,MULTIMEDIA CRAFTS II (MOBILE TOYS),2
BWR3205,WATER RESOURCES ENGINEERING I,4
BWR4101,WATER RESOURCE ENGINEERING II,4
BWT1203,WORKSHOP TECHNOLOGY,3
CAE1107,BASIC WORKSHOP TECHNOLOGY AND PRACTICE I,3
CAE1108,BASIC WORKSHOP TECHNOLOGY AND PRACTICE I,3
CAM1201,MATHEMATICS II,3
CAM1202,SKETCHING AND DRAWING II,3
CAM1203,BASIC SCIENCE I,3
CAM1204,ELECTRICAL PRINCIPLES II,3
CBCP1101,MATHEMATICS I,3
CBCP1102,SKETCHING AND DRAWING I,3
CBCP1103,BASIC SCIENCE I,3
CBCP1104,ELECTRICAL PRINCIPLES I,3
CBCP1105,BUILDING CONSTRUCTION,3
CBCP1106,BASIC WORKSHOP TECHNOLOGY AND PRACTICE I,3
CBCP1201,MATHEMATICS II,3
CBCP1202,SKETCHING AND DRAWING II,3
CBCP1203,BASIC SCIENCE II,3
CBCP1204,BASIC WORKSHOP TECHNOLOGY AND PRACTICE II,3
CBCP1205,BUILDING CONSTRUCTION II,3
CBCP2101,MATHEMATICS III,3
CBCP2102,CIVIL DRAWING AND DESIGN I,3
CBCP2103,BASIC SCIENCE III,3
CBCP2104,CONCRETE TECHNOLOGY AND PRACTICE I,3
CBCP2105,BRICKLAYING I,3
CBCP2201,MATHEMATICS IV,3
CBCP2202,BASIC SCIENCE IV,3
CBCP2203,CONCRETE TECHNOLOGY AND PRACTICE II,3
CBCP2204,BRICKLAYING II,3
CBCP2206,INDUSTRIAL TRAINING,3
CCS1102,COMMUNICATION SKILLS,3
CEI1106,ELECTRICAL REGULATIONS & PRACTICES I,4
CEI1212,INDUSTRIAL TRAINING I,3
CEI2110,INDUSTRIAL ORIENTATION AND PRACTICE,3
CFD1106,COMPUTER LITERACY ,3
CFD1107,BASIC ACCOUNTING ,3
CFD1108,COMMUNICATION SKILLS,3
CFD1201,FASHION DRAWING,3
CFD1202,PATTERN MAKING,3
CFD1203,CLOTHING CONSTRUCTION,3
CFD1204,CRAFT,3
CFD1205,CRAFT,3
CFD1206,TEXTILES FABRIC DESIGN,3
CGC1209,COUNSELLING ETHICS,3
CIT1106,INTRODUCTION TO WEBSITE DEVELOPMENT AND INTERNET TECHNOLOGY,3
CJM 1201,MASS MEDIA & SOCIETY,3
CJM1104,THEORIES OF MASS COMMUNICATION,3
CME2105,PRODUCTION TECHNOLOGY I,3
CME2206,INDUSTRIAL TRAINING,3
CS1101D,COMMUNICATION SKILLS,3
CSC1301,PRACTICAL  SKILLS DEVELOPMENT,3
CSC1303,CISCO CERTIFIED NETWORK ASSOCIATE,3
CSC2100,CALCULUS,3
CSC2113,SOFTWARE ENGINEERING,3
CSC2114,ARTIFICIAL INTELLIGENCE,3
CSC2200,OPERATING SYSTEM,3
CSC2209,SYSTEM PROGRAMMING,3
CSC2210,AUTOMATA COMPLEXITY AND COMPUTABILITY,3
CSC2212,INDIVIDUAL PROJECT II,3
CSC2214,CRYPTOLOGY AND CODING THEORY,3
CSC2301,INDUSTRIAL TRAINING,3
CSC3102,LINEAR PROGRAMMING LANGUAGES,3
CSC3103,USER INTERFACE DESIGN,3
CSC3105,COMPUTER GRAPHICS,3
CSC3112,PRINCIPLES OF PROGRAMMING LANGUAGES,3
CSC3113,EMERGING TRENDS IN COMPUTER SCIENCE ,3
CSC3114,SELECTED TOPICS IN COMPUTER SCIENCE,3
CSC3115,ADVANCED PROGRAMMING,3
CSC3203,FURTHER LINEAR PROGRAMMING AND NETWORK ANALYSIS,3
CSC3205,COMPILER DESIGN,3
CSC3206,GROUP PROJECT,3
CSC3207,COMPUTER SECURITY,3
CSK1101,NUMERIC ANALYSIS 1,3
DAD1106,FASHION DESIGN AND STUDIO TECHNOLOGY,3
DAD1108,INTRODUCTION TO TEXTILE ,4
DADE1105,SCIENCE OF MATERIALS,3
DADE1209,INDUSTRIAL ORIENTATION,3
DAE2106,ELECTRONICS,3
DAE2206,ELECTRONICS,3
DAGI2107,INSTRUCTIONAL MODES AND RESOURCES IN AGRICULTURE EDUCATION,2
DAGI2208,PRINCIPLES OF CROP PRODUCTION,2
DAGI2304,CROP PRODUCTION,2
DBC1106,BUSINESS MATHEMATICS,3
DBM,INTERMEDIATE ACCOUNTING,3
DBM2111,INSTITUTIONAL ACCOUNTING,3
DBM2132,TAXATION MANAGEMENT,3
DC1110,PRACTICALS,5
DC1213,INDUSTRLISATION AND ORIETATION STUDIES,3
DCE1106,CONSTRUCTION SURVEYING,3
DCE2106,BRICKLAYING AND CONCRETE PRACTICE,3
DCE2202,BUILDING SERVICES (PLUMBING),4
DCE2211,COMPUTER APPLICATIONS,3
DCEI1202,ESSENTIALS OF CHILD PSYCHOLOGY,3
DCEI1203,INFORMATION LITERACY,3
DCEI1204,MATHEMATICS APPLICATION IN ECE,3
DCS1103,COMMUNICATION SKILLS,3
DCS1106,CONSTRUCTION SURVEYING I,4
DCUI1201,FOUNDATIONS OF CURRICULUM STUDIES,3
DDE2205,CONCRETE TECHNOLOGY,4
DDE2207,SPECIFICATION,4
DDS 1101,INTRODUCTION TO DEVELOPMENT STUDIES,3
DDS 1104,POLITICAL ECONOMY OF DEVELOPMENT AND UNDER DEVELOPMENT,3
DDS 1105,ETHICS AND AFRICAN DEVELOPMENT,3
DDS 2102,RESEARCH METHODS ,3
DDS2112,HUMAN RIGHTS AND DEVELOPMENT,3
DE1110,Practicals,3
DEC11201,FUNDAMENTALS OF ECD,3
DEC2307D,CREATIVE ARTS IN EARLY CHILDHOOD,2
DECD 1202,THE CONCEPT OF BEHAVIOR MANAGEMENT IN CHILDREN ,3
DECD1203,FUNDAMENTALS OF EARLYCHILDHOOD EDUCATION,2
DECI2303,CREATIVE ART IN EARLY CHILDHOOD EDUCATION,2
DED1102, ENGINEERING DRAWING I,4
DEE 1201,ENGINEERING MATH II,4
DEE 1202,ENGINEERING DRAWING II,4
DEE 1207,ENGINEERING MATERIALS,4
DEE2106,ELECTRONICS III,4
DEF 1201,SOCIOLOGY OF EDUCATION ,3
DEF1101,HISTORICAL FOUNDATIONS OF EDUCATION,2
DEF1102,PSYCHOLOGICAL FOUNDATIONS OF EDUCATION,2
DEF11201,SOCIOLOGICAL FOUNDATIONS OF EDUCATION,3
DEF11202,CONTEMPORARY EDCATION SYSTEMS,3
DEL 1202,SOCIAL LINGUISTIC,3
DEL 2201,ENGLISH LANGUAGE MATERIAL PRODUCTION ,3
DEL2201,LITERATURE & LANGUAGE TEACHING,3
DEL2202,ASSESSMENT AND EVALUATION IN LANGUAGE TEACHING ,3
DEL2203,ERROR ANALYSIS AND REMEDIAL TEACHING ,3
DEL2204,ENGLISH FOR FUNCTIONAL ADULT LITERACY ,3
DEL2301,LANGUAGE IN SOCIETY AND SKILLS IMPROVEMENT,3
DEM1101,ENGINEERING  MATH,4
DEP1108,ELECTRICAL POWER TECHNOLOGY AND PRACTICE II,4
DEP1202,ENTREPRENEURSHIP SKILLS AND INNOVATION,2
DEP2103,ENTREPRENEURSHIP SKILLS AND INNOVATION ,3
DET2210,ENTREPRENEURSHIP,3
DFD,INDUSTRIAL TRAINING ASSESSMENT AND REPORT,2
DGE 1202,REGIONAL DEVELOPMENT GEOGRAPHY OF AMERICA,3
DGE 2201,AGRICULTURE DEVELOPMENT ,3
DGE 2202,SYSTEMATIC GEOGRAPHY OF UGANDA,3
DGE1203,GEOGRAPHY TEACHING METHODS,3
DHI 2201,THEMES IN WEST AFRICA,3
DHI 2203,HISTORY OF WORLD REVOLUTION ,3
DHI1203,METHODOLOGY OF HISTORY OF EDUCATION ,3
DHRM1104,ENGLISH FOR BUSINESS,3
DHRM1109,BUSINESS LAW,3
DHRM1208,INTRODUCTION TO HUMAN RESOURCE,3
DHRM2206,ORGANIZATIONAL INTERNSHIP,3
DHTM1101,INTRODUCTION TO TOURISM,3
DIT 2104,OBJECT ORIENTED PROGRAMMING (JAVA),3
DIT1109,COMPUTER LITERACY,3
DIT1207D,CISCO CERTIFIED NETWORK ASSOCIATE (AUDITED),5
DIT1210,OBJECT ORIENTED PROGRAMMING I,3
DIT1211,DATA STRUCTURES AND ALGORITHMS,3
DJ 2204,NEW MEDIA AND FILMING ,3
DJM1105,COMMUNICATION SKILLS,3
DJM2101,INTRODUCTION TO MEDIA LAW AND ETHICS ,3
DLIS111,REFERENCE SERVICES,3
DLIS1114,BASIC OF INFORMATION WORK,3
DLIS1115,WEBSITE DEVELOPMENT AND INTERNET TECHNOLOGY,3
DLIS2114,BIBLIOGRAPHIC CONTROL,4
DLIS2208,INTERNSHIP,3
DLL11O1,INTRODUCTIONTO THE STUDY OF LUGANDA LANGUAGE EDUCATION,3
DLS2114,BIBLIOGRAPHIC CONTROL,3
DLT1201,THE NOVEL: FORM AND CONCEPTS,3
DLT1202,ELEMENTS AND SCOPE OF DRAMA,3
DLT2201,DEVELOPING MATERIALS FOR LITERATURE CLASSES,3
DLT2201D,LITERATURE TEACHING METHODS,2
DLT2202,LITERATURE TEACHING METHODS ,3
DLT2203,THE ESSAY,3
DLT2204,THE ART OF COMMUNICATION,3
DLTI2201,LITERATURE TEACHING METHODS,3
DMA1101,EDUCATIONAL MANAGEMENT AND ADMINISTRATION,2
DMB2101,BUSINESS LAW,3
DMB2224,BUSINESS STATISTICS,3
DME 1106,FUNDAMENTALS OF ELECTRONICS,4
DME1103,MECHANICAL ENGINEERING SCIENCE,3
DME1104,ELECTRICAL ENGINEERING SCIENCE,4
DME1105,APPLIED HEAT,3
DME1106,ELECTRONICS,3
DME1205,CALCULUS II,4
DME2105,ENGINEERING THERMODYNAMICS III,4
DME2107,production technology,3
DME2204,INSTRUCTIONAL MODES OF MATHEMATICS,3
DMEI1205,ANALYSIS AND ASSESSMENT OF PRIMARY INTERGRATED SCIENCE EDUCATION,3
DMEI1206,BIOLOGICAL MATERIAL AND STRUCTURE,3
DMEI1207,CHEMICAL STRUCTURE,3
DMUI2204,ELEMENTALLY HARMONY,2
DPA,ENTREPRENUERSHIP SKILLS AND DEVELOPMENT,3
DPA 1205,PUBLIC FINANCIAL MANAGEMENT,3
DPA 1206,LOCAL GOVERNMENT ADMINISTRATION,3
DPE201D,MIN CRICKET AND BASKETBALL,2
DPE2206,MICRO-TEACHING IN PE II,2
DPE2303B,SAFETY AND INJURIES IN P.E,NULL
DPEI1207,PRIMARY GAMES I,3
DPEI1208,PRIMARY GYMNASTICS II,2
DPEI2109,PRIMARY VOLLEY BALL,3
DPSI2301,SCHOOL PRACTICE (12WKS),3
DREI1102,CONTEMPORARY ETHICAL ISSUES,3
DREI2204,AFRICAN TRADITION RELIGION,2
DSC1206D,BIOLOGICAL MATERIAL AND STRUCTURE,2
DSC1207D,CHEMICAL STRUCTURE,2
DSC1208D,PHYSICAL MATERIAL AND STRUCTURE,2
DSC1304D,FOOD AND HEALTH REQUIREMENTS FOR MAN,2
DSC1305D,INSTRUCTIONAL MODES AND RESOURCES IN INTERGRATED SCIENCE,2
DSC1306D,BIOLOGICAL CHANGE,2
DSC1307D,CHEMICAL CHANGE,2
DSC2106D,HEALTH,2
DSC2107D,COMMUNICATION AND TRANSPORT IN BIOLOGY CONTEXT,2
DSC2108D,COMMUNICATION AND TRANSPORT IN PHYSICS CONTEXT,2
DSC2205D,ESSENTIAL RESOURCES IN BIOLOGY FRAME WORK,2
DSC2206D,ESSENTIAL RESOURCES IN PHYSICS  FRAME WORK,2
DSC2207D,ESSENTIAL RESOURCES IN CHEMISTRY FRAME WORK,2
DSC2209D,ENVIRONMENT SCIENCE ISSUES,2
DSC2301,PRACTICAL SCIENCE,2
DSC2304D,WORK AND INDUSTRY IN PHYSICS PERSPECTIVE,2
DSC2305D,WORK AND INDUSTRY IN CHEMISTRY PERSPECTIVE,2
DSCI 2201,INTRODUCTION TO ORGANIC CHEMISTRY, NATURAL AND SYNTHETIC MATERIAL,2
DSE1112,WEAVING AND STUDIO TECHNOLOGY,3
DSE1202,OBJECT ORIENTED PROGRAMMING,3
DSE2102,DRAWING AND STUDIO TECHNOLOGY,3
DSE2201,LABOR ECONOMIC,3
DSE2202,PRODUCTION OPERATIONS MANAGEMENT,3
DSE2204,HUMAN RESOURCE MANAGEMENT,3
DSE2205,ENTREPRENEURSHIP TEACHING METHODS,3
DSM1104,SCIENCE OF MATERIALS,4
DSM1105,SCIENCE OF MATERIALS,3
DSM1205,SCIENCE OF MATERIAL,3
DSPI 2301,SCHOOL PRACTICE(12WEEKS),2
DSS1106,KEYBOARD SKILLS AND COMPUTER OPERATIONS ,3
DVA 1201,FOUNDATION OF CURRICULUM STUDIES ,3
DVA1202D,WEAVING,2
DVA1203D,SCULPTURE (Clay Modeling),2
DVA1205D,ART EDUCATION II,2
DVA1303D,WATER-COLOUR PAINTING AND STUDIO TECHNOLOGY,2
DVA1306D,SCREEN PRINTING I,2
DVA1309D,MATERIALS FOR SCULPTURE I,2
DVA1310D,CERAMICS (CLAY I),2
DVA1311D,WEAVING (SPINNING AND DYEING YARN),2
DVA1312D,MULTIMEDIA CRAFTS (TECHNIQUES),2
DVA2104D,COLOUR PAINTING,2
DVA2106D,SCREEN PRINTING II,2
DVA2109D,MATERIALS FOR SCULPTURE II,2
DVA2110D,CERAMICS (CLAY II),2
DVA2111D,WEAVING,2
DVA2112D,MULTIMEDIA CRAFTS (ENVIRONMENT),2
DVA2201,DRAWING (Anatomy),3
DVA2202,PRACTICAL PROJECT II,3
DVA2203,ELECTIVE 2-D III,3
DVA2204,ELECTIVE 3-D III,3
DVA2204D,OILPAINTING,2
DVA2206D,BLOCK PRINTING I,2
DVA2208,SCULPTURE (Monumental),3
DVA2209,CERAMICS (Kilns and Glazes),3
DVA2209D,MONUMENTAL SCULPTURE,2
DVA2210,WEAVING (Rug),3
DVA2210D,CERAMICS (KILNS AND GLAZES),2
DVA2211,MULTIMEDIA CRAFT (Environment),3
DVA2211D,WEAVING (RUG),2
DVA2212D,MULTIMEDIA,2
DVA2304D,PAINTING(LARGE FORMAT),2
DVA2306D,BLOCK PRINTMAKING,2
DVA2309D,SCULPTURE (ADVANCED),2
DVA2310D,CERAMICS I (INDUSTRIAL),2
DVA2311D,WEAVING I (INTERLACING),2
DVA2312D,MULTIMEDIA CRAFTS (LEATHER),2
DVAI1301,HISTORY AND ART APPRECIATION,2
DVAI1302,DRAWING (VALUES),2
DVAI1303,WATER-COLOUR PAINTING AND STUDIO TECHNOLOGY,2
DVAI1304,GRAPHIC DESIGN AND STUDIO TECHNOLOGY,2
DVAI1306,SCREEN PRINTING I,2
DVAI1307,FABRIC DECORATION (INKS AND DYES),2
DVAI1309,MATERIALS FOR SCULPTURE I,2
DVAI1310,CERAMICS (CLAY I),2
DVAI1311,WEAVING (SPINNING AND DYEING YARN),2
DVAI1312,MULTIMEDIA CRAFTS (TECHNIQUES),2
DVAI2101,DRAWING I (ANATOMY),2
DVAI2104,COLOUR PAINTING,2
DVAI2105,GRAPHICS I (TYPOGRAPHY AND ILLUSTRATION),2
DVAI2106,SCREEN PRINTING II,2
DVAI2107,FABRIC DECORATION I (MULTI-MEDIA),2
DVAI2109,MATERIALS FOR SCULPTURE II,2
DVAI2110,CERAMICS (CLAY II),2
DVAI2111,WEAVING,2
DVAI2112,MULTIMEDIA CRAFTS (ENVIRONMENT),2
DVAI2201,DRAWING II (ANATOMY),2
DVAI2205,GRAPHICS II (TYPOGRAPHY AND ILLUSTRATION),2
DVAI2206,BLOCK PRINTING I,2
DVAI2207,FABRIC DECORATION II (MULTI-MEDIA),2
DVAI2210,CERAMICS (KILNS AND GLAZES),2
DVAI2211,WEAVING (RUG),2
DVAI2212,MULTIMEDIA,2
DVAI2301,HISTORY AND APPRECIATION OF ART,2
DVAI2302,DRAWING V (SIMPLIFICATION AND DISTORTION),2
DVAI2304,PAINTING(LARGE FORMAT),2
DVAI2305,ADVERTISING GRAPHICS,2
DVAI2306,BLOCK PRINTMAKING,2
DVAI2307,FABRIC DESIGN I,2
DVAI2309,SCULPTURE (ADVANCED),2
DVAI2310,CERAMICS I (INDUSTRIAL),2
DVAI2311,WEAVING I (INTERLACING),2
DVAI2312,MULTIMEDIA CRAFTS (LEATHER),2
DVAI3101,ADVANCED DRAWING I (SIGNATURE),2
DVAI3104,ADVANCED OIL PAINTING I,2
DVAI3105,GRAPHICS I (VISUAL COMMUNICATION),2
DVAI3106,BLOCK PRINTING II,2
DVAI3107,FABRIC DESIGN II,2
DVAI3109,ENVIRONMENT AND SCULPTURE,2
DVAI3110,CERAMICS II (INDUSTRIAL),2
DVAI3111,WEAVING  I (INTERLACING),2
DVAI3112,MULTIMEDIA CRAFTS,2
DVAI3201,ADVANCED DRAWING II (SIGNATURE),2
DVAI3204,ADVANCED OIL PAINTING,2
DVAI3205,PAINTING GRAPHICS (VISUAL COMMUNICATION),2
DVAI3206,PRINTMAKING AND THE ENVIRONMENT I,2
DVAI3207,FABRIC DESIGN I (MASS PRODUCTION),2
DVAI3209,SCULPTURE (PROTOTYPES),2
DVAI3210,CERAMICS I (MASS PRODUCTION),2
DVAI3211,WEAVING I (DESIGNS FOR WOVEN STRUCTURES),2
DVAI3212,MULTIMEDIA CRAFTS I (MOBILE TOYS),2
DVAI3302,DRAWING,2
DVAI3304,ADVANCED OIL PAINTING II,2
DVAI3305,GRAPHICS II (VISUAL COMMUNICATION),2
DVAI3306,PRINTMAKING AND THE ENVIRONMENT II,2
DVAI3307,FABRIC DESIGN II (MASS PRODUCTION),2
DVAI3309,SCULPTURE (PROTOTYPE),2
DVAI3310,CERAMICS II (MASS PRODUCTION),2
DVAI3311,WEAVING II  (DESIGNS FOR WOVEN STRUCTURES),2
DVAI3312,MULTIMEDIA CRAFTS II (MOBILE TOYS),2
DVAI3313,EXHIBITION,2
DVG121,AGRICULTURAL ECONOMICS I,3
DVG122,AGRICULTURAL EDUCATION I,3
DVG123,AGRIC. MECHANIZATION I,3
DVG124,CROP PRODUCTION PRACTICES ,3
DVG221,ANIMAL NUTRITION II,3
DVG222,AGRICULTURAL ECONOMICS II,3
DVG223,AGRIC. MECHANIZATION II,3
DVG224,ANIMAL PRODUCTION PRACTICALS ,3
DVS,ENVIRONMENT AND SUSTAINABLE DEVELOPMENT,NULL
DVS1103C,INTRODUCTORY  ECONOMICS,3
DVS1204,PHOTOGRAPHY,3
DVS1205,FASHION DESIGN,3
END2209D,Industrial Organisation and Management,3
END2210D,Electrical Workshop Technology and Practice,3
END2212D,Instrumentation and Control,3
ENG 1102D,MECHANICAL ENGINEERING SCIENCE I,3
ENG 1202D,Electrical Power I,3
ENG 2210D,ELECTRICAL INSTALLATION AND PRACTICE,NULL
ENG110B,SOCIETY AND ENGINEERING,3
ENG1203,WORKSHOP TECHNOLOGY AND PRACTICE,3
ENG123D,MECHANICAL ENGINEERING SCIENCE II,3
ENG2111C,MECHANICAL DRAWING AND DESIGN I,3
ENG2208C,PRODUCTION TECHNOLOGY II,3
ENG3211B,BUILDING SERVICES,4
ENG4201B,BUSINESS RESEARCH PROJECT,3
ENG4444D,WELDING AND FABRICATION ,3
FAD 2103B,OIL PAINTING & STUDIO TECHNOLOGY,3
FAD1108D,BASIC SEWING PROCESSES,3
FAD210,FASHION DRAWING & STUDIO TECHNLOGY,3
FAD2311B,FUNCTIONAL SCULPTURE & STUDIO TECHNOLOGY,3
FIN 2201D,TAXATION MANAGEMENT,3
FIN201,TAXATION MANAGEMENT,NULL
FND1101,COMMUNICATION AND TECHNOLOGY SKILL,3
FND1108D,Communication Skills,3
GHM2202B,TOURISM ETHICS,3
ICT 2107B,E-COMMERCE,3
ICT1101,ICT 1101D,3
ICT1210D,OBJECT ORIENTED PROGRAMMING I,3
ICT2109,DIGITAL MARKETING,3
ICT2109B,E-COMMERCE,4
ICT2123B,INFORMATION LITERACY,3
ICT2124B,EVENT DRIVEN PROGRAMMING,4
ICT2206B,EVEN DRIVEN PROGRAMMING,3
ICT2206D,BIBLIOGRAPHIC CONTROL,4
ICT2207,SERVER SETUP CONFIGURATION AND MANAGEMENT,4
ICT2208D,WEBSITE DESIGN AND INTERNET TECHNOLOGY,4
ICT2209D,E-COMMERCE,NULL
ICT2210D,RESEARCH METHODOLOGY,NULL
ICT2213B,DIGITAL IMAGE PROCESSING AND ANALYSIS,4
ICT2214B,INTRODUCTION TO PSYCHOLOGY,3
ICT2221B,RESEARCH METHOLOGY,NULL
ICT2222B,SERVER SETUP, CONFIGURATION & MANAGEMENT,4
ICT2223B,OBJECT ORIENTED PROGRAMMING III (PYTHON),4
ICT3107,COMPUTER THEORY,3
ICT3110B,DIGITAL IMAGE PROCESSING AND ANALYSIS,4
ICT3216B,COMPUTER APPLICATION,3
IFA2201,INTERNSHIP,4
IFA3201,INTERNSHIP,4
IT1101D,Computer Literacy,3
JIT1101,GRAPHICS,3
JIT1102B,MOBILE AP,3
MG2103D,Project Planning and Management,3
MGT1204D,ORGANIZATIONAL PSYCHOLOGY,4
MGT1211D,TECHNOPRENUERSHIP SKILLS DEVELOPMENT,3
MGT202D,ETHICS,3
MGT3102,INDUSTRIAL RELATIONS ,3
MGT3201D,ORGANIZATION INTERNSHIP,3
MHIS8205,DIPLOMATIC HISTORY OF EUROPE, 1789 - 1945,4
MPA1101,INTRODUCTION TO PUBLIC ADMINISTRATION,4
MSC1106C,THEORIES OF MASS COMMUNICATION,3
MSC1201C,MASS MEDIA AND SOCIETY,3
MSC1203C,PHOTO JOURNALISM,3
MUI2102,ELEMENTARY HARMONY I,3
PCR3205B,PROCUREMENT AUDIT MANAGEMENT,3
PRC2202D,PROCUREMENT LAW,3
PRC2206,COMMERCIAL RELATIONSHIP ,3
PS 1101,PROFESSORIAL STUDIES I,3
SWA1107,SOCIOLOGY AND CULTURE ,3
SWA1202B,ELEMENTS OF SOCIAL WORK,3
SWA2206,SOCIAL SECURITY SYSTEMS,3
SWA3108,FUNDAMENTALS OF GIDANCE AND COUNSELLING,3
SWSA2104,ORGANIZATIONAL MANAGEMENT,3
THM3112B,TRAVEL AGENCY OPERATIONS,3
THM3204B,MANAGEMENT AND COST ACCOUNTING,3
YDM21001,COMPUTER INTELIGENCE,3
