course_code,credit_units,programmes,students,real_course_name_TO_FILL
DVS1103C,3,ACJ,5,
BADE3210,3,BADE,4,
BADE3206,3,BADE,BAED,4,
BFA3107,3,BADE,BAED,4,
BEC3109,NULL,BAED,1,
BEF2201,3,BAED,3,
BEL1204,3,BAED,1,
BER2204,3,BAED,1,
BGE107,NULL,BAED,1,
BGE210,NULL,BAED,1,
BGE2104B,NULL,BAED,1,
BPS3201,3,BAED,2,
BRF2101,3,BAED,2,
BGE1203,3,BAED,BEICT,8,
BKE1101,NULL,BAED,BEICT,12,
MGT3101,NULL,BAED,BPLM,10,
PRC2104B,3,BBA,BBM,BPLM,8,
BBC3204,3,BBC,2,
ICT2206B,3,BBC,BIT,68,
BBEI1101,3,BBEI,6,
BBEI1204,3,BBEI,1,
BCUI1104,3,BBEI,BED(P),BED(S),60,
BBM2113,3,BBM,2,
BIMM2203,3,BBM,1,
BPS3204,3,BBM,1,
FIN3209,NULL,BBM,1,
BHC1208,NULL,BBM,BCOM,BSAF,5,
BBM2110,3,BBM,DBM,15,
BEE2301,NULL,BCE,BEE,75,
BCS2108,3,BCS,1,
BDS3109,3,BDS,5,
BDS3111,3,BDS,15,
BDS3208,3,BDS,45,
BDS3209,3,BDS,6,
BAG2302D,NULL,BED(P),1,
BEC2304,NULL,BED(P),1,
BEC3304B,NULL,BED(P),2,
BPS2303,NULL,BED(P),2,
BSS2102D,NULL,BED(P),4,
BSS2303D,NULL,BED(P),6,
BSS3302,NULL,BED(P),3,
BEEI1203,3,BED(P),BED(S),23,
BERI1102,3,BED(P),BED(S),20,
BFAI1301,3,BED(P),BED(S),32,
BADI1301,3,BED(S),1,
BADI2103,3,BED(S),1,
BADI2303,3,BED(S),1,
BADI2304,3,BED(S),1,
BHII1201,NULL,BED(S),1,
BHII1202,NULL,BED(S),1,
BHII1305,3,BED(S),2,
BLLI3304,3,BED(S),1,
BREI2308,3,BED(S),1,
BREI2309,3,BED(S),1,
BREI2310,3,BED(S),1,
FND1101,3,BEICT,1,
ICT2115,NULL,BEICT,1,
ICT2205,3,BEICT,45,
ICT2221B,NULL,BEICT,1,
MGT1101,NULL,BEICT,BPA,2,
BBG1105,3,BGC,1,
BGC1207,3,BGC,7,
BGC1209,NULL,BGC,3,
BGC2107,3,BGC,3,
BIFA310,3,BIFA,3,
BMM1105,3,BIFA,4,
FAD1107B,NULL,BIFA,1,
FAD2102,NULL,BIFA,1,
FND1107B,NULL,BIFA,1,
FAD1202,NULL,BIFA,DAD,3,
 BIT1102,NULL,BIT,1,
BH1201,3,BIT,11,
BIT2109S,3,BIT,3,
FND1108B,3,BIT,4,
ICT1201,NULL,BIT,3,
ICT2107,NULL,BIT,1,
BLS111,3,BLIS,1,
BMC2016,3,BMC,15,
BMC2210,3,BMC,1,
FIN201,NULL,BPA,43,
ADM2107,NULL,BSM,1,
BHC1202,3,BTHM,3,
FAD1203,NULL,CAD,2,
CFD1105,3,CFD,1,
FAD1208C,NULL,CFD,1,
FAD1209C,NULL,CFD,1,
FAD1210C,NULL,CFD,1,
DADE2202,4,DAD,1,
FAD1205,NULL,DAD,2,
DADE1105,3,DADE,DES,51,
ICT2209D,NULL,DBC,1,
DBM2112,3,DBM,1,
DBM2130,3,DBM,2,
DBM2219,3,DBM,1,
DBM2221,3,DBM,3,
DBM3213,3,DBM,2,
ODC1101,3,DCE,20,
ODC1103,3,DCE,22,
ODC1104,3,DCE,21,
ODC1105,3,DCE,21,
ODC1106,3,DCE,24,
ODC1108,3,DCE,9,
ODC1201,3,DCE,12,
ODC1202,3,DCE,12,
ODC1203,3,DCE,10,
ODC1204,3,DCE,12,
ODC1205,3,DCE,12,
ODC1206,3,DCE,14,
ODC1207,3,DCE,9,
ODC1208,3,DCE,2,
ODC1212,3,DCE,2,
ODC2101,3,DCE,8,
ODC2102,3,DCE,7,
ODC2103,3,DCE,7,
ODC2104,3,DCE,7,
ODC2106,3,DCE,5,
ODC2107,3,DCE,3,
ODC2108,3,DCE,8,
ODC2109,3,DCE,11,
ODC2110,3,DCE,3,
ODC2111,3,DCE,6,
ODC2112,3,DCE,2,
ODC2202,3,DCE,8,
ODC2203,3,DCE,7,
ODC2204,3,DCE,7,
ODC2205,3,DCE,7,
ODC2206,3,DCE,3,
ODC2207,NULL,DCE,4,
ODC2208,3,DCE,7,
ODC2210,3,DCE,7,
ODCE2201,3,DCE,1,
ODCE2202,3,DCE,1,
ODCE2203,3,DCE,1,
ODCE2204,3,DCE,1,
ODCE2205,3,DCE,1,
ODCE2208,3,DCE,1,
ODCE2212,3,DCE,1,
ODC1102,3,DCE,DEE,22,
ODC1107,3,DCE,DEE,26,
ODC2201,3,DCE,DEE,7,
ODC2211,NULL,DCE,DEE,5,
ODE1201,3,DCE,DEE,21,
ODE1202,3,DCE,DEE,21,
ODE1203,3,DCE,DEE,19,
ODE1204,3,DCE,DEE,21,
ODE1205,3,DCE,DEE,19,
ODE1206,3,DCE,DEE,18,
ODE1207,3,DCE,DEE,18,
ODE1209,3,DCE,DEE,18,
ODE2101,3,DCE,DEE,19,
ODE2102,3,DCE,DEE,17,
ODE2103,3,DCE,DEE,18,
ODE2105,3,DCE,DEE,18,
ODE2106,3,DCE,DEE,18,
ODE2108,3,DCE,DEE,17,
ODE2109,3,DCE,DEE,20,
ODE2110,3,DCE,DEE,6,
ODE2111,3,DCE,DEE,18,
ODE2201,3,DCE,DEE,17,
ODE2203,3,DCE,DEE,16,
ODE2205,3,DCE,DEE,15,
ODE2206,3,DCE,DEE,15,
ODE2208,3,DCE,DEE,16,
ODE2211,3,DCE,DEE,8,
ODE2212,3,DCE,DEE,5,
ODE1212,3,DCE,DEE,DME,13,
ODE2210,3,DCE,DEE,DME,13,
FND1108D,3,DCE,DME,17,
ODC1209,3,DCE,DME,15,
ODM1212,3,DCE,DME,3,
ENG2017D,NULL,DEE,1,
ODC1109,3,DEE,1,
ODE1101,3,DEE,25,
ODE1102,3,DEE,22,
ODE1103,3,DEE,25,
ODE1104,3,DEE,24,
ODE1105,3,DEE,20,
ODE1107,3,DEE,20,
ODE1108,3,DEE,16,
ODE1109,NULL,DEE,5,
ODE1111,NULL,DEE,5,
ODE1208,3,DEE,18,
ODE2104,3,DEE,9,
ODE2202,3,DEE,11,
ODE2207,NULL,DEE,1,
ODE1106,3,DEE,DME,25,
ODM2111,3,DEE,DME,12,
DIT2103D,NULL,DIT,2,
ICT2210D,NULL,DIT,17,
DJ2111,3,DJ,32,
MSC1102D,3,DJ,4,
MSC1104D,3,DJ,4,
DLS2106,3,DLIS,1,
ICT2206D,4,DLIS,6,
ICT2208D,4,DLIS,6,
ODM1101,3,DME,14,
ODM1102,3,DME,13,
ODM1103,3,DME,12,
ODM1104,3,DME,14,
ODM1105,3,DME,13,
ODM1106,3,DME,10,
ODM1107,3,DME,12,
ODM1108,3,DME,14,
ODM1109,3,DME,5,
ODM1110,3,DME,3,
ODM1201,3,DME,16,
ODM1202,3,DME,14,
ODM1203,3,DME,15,
ODM1204,3,DME,14,
ODM1205,3,DME,14,
ODM1206,3,DME,17,
ODM1207,3,DME,15,
ODM1208,3,DME,15,
ODM1209,3,DME,10,
ODM2101,3,DME,9,
ODM2102,3,DME,7,
ODM2103,3,DME,11,
ODM2104,3,DME,8,
ODM2105,3,DME,10,
ODM2107,3,DME,11,
ODM2108,3,DME,7,
ODM2109,3,DME,12,
ODM2110,3,DME,2,
ODM2112,3,DME,6,
ODM2201,3,DME,11,
ODM2202,3,DME,10,
ODM2203,3,DME,11,
ODM2204,3,DME,5,
ODM2205,3,DME,11,
ODM2206,3,DME,5,
ODM2207,3,DME,11,
ODM2208,3,DME,7,
ODM2210,3,DME,2,
ODM2211,3,DME,4,
ODMC2111,NULL,DME,2,
DCU2102,3,DPE,1,
DEF1301,3,DPE,1,
DEL1301,3,DPE,1,
DPE2303B,NULL,DPE,21,
DRE1302,3,DPE,1,
DSC2102,3,DPE,1,
DSS1201,3,DPE,2,
DSS1202,3,DPE,2,
DSS1302,3,DPE,1,
DSS2103D,NULL,DPE,2,
PEO1101,3,DPE,8,
DH2205,3,DSE,1,
CGC101B,NULL,SWSA,5,
SWAS3106B,NULL,SWSA,1,
SWSA1106,NULL,SWSA,31,
SWSA2102,3,SWSA,24,
SWSA2105,NULL,SWSA,1,
SWSA2106,3,SWSA,6,
SWSA2107,3,SWSA,6,
SWSA2201,NULL,SWSA,1,
SWSA3101,3,SWSA,40,
SWSA3102,3,SWSA,13,
SWSA3103,3,SWSA,41,
SWSA3104,3,SWSA,41,
SWSA3105,3,SWSA,41,
SWSA3106,3,SWSA,41,
SWSA3107,3,SWSA,28,
SWSA3201,3,SWSA,41,
SWSA3202,3,SWSA,40,
SWSA3203,3,SWSA,42,
SWSA3204,3,SWSA,41,
SWSA3206,3,SWSA,41,
SWSA3207,3,SWSA,41,
SWSA3208,3,SWSA,15,
